periodos,26,Recursos,1309,positions,1093,jobs,1000
pos,job,perStart,perToFill,ResAsig,ResType,ResRedy,ResStart,LedTime,Filled,Gap,AsigC,GapC,TotC,MS
1.1,1,25,2,822,Q,1,25,0,2,0,26.353379000000004,0.0,26.353379000000004,74.646621
2.1,2,1,26,221,Q,1,1,0,26,0,31.207671000000005,0.0,31.207671000000005,69.792329
2.2,2,1,26,489,Q,1,1,0,26,0,33.070319,0.0,33.070319,67.929681
2.3,2,1,26,892,Q,1,1,0,26,0,35.664682,0.0,35.664682,65.335318
3.1,3,1,26,13,T,1,4,3,23,3,71.55224199999998,858.6269040000001,930.1791460000001,63.378589
3.2,3,1,26,Gap,G,0,0,0,0,26,0.0,7441.4331680000005,7441.4331680000005,0
4.1,4,16,11,207,Q,1,16,0,11,0,21.089703,0.0,21.089703,79.910297
5.1,5,7,20,Hire,H,0,7,5,20,0,140.471132,0.0,140.471132,0
7.1,7,1,26,549,Q,1,1,0,26,0,12.427035000000004,0.0,12.427035000000004,88.572965
8.1,8,23,4,119,Q,1,23,0,4,0,27.311496000000005,0.0,27.311496000000005,73.688504
9.1,9,10,17,530,Q,1,10,0,17,0,18.884521000000007,0.0,18.884521000000007,82.115479
10.1,10,1,26,163,T,1,6,5,21,5,70.0792919999999,1401.5858400000002,1471.665132,64.810165
11.1,11,1,26,Hire,H,0,5,4,22,4,137.6459279999999,1101.1674240000002,1238.8133520000001,0
12.1,12,1,26,Hire,H,0,5,4,22,4,142.66257999999993,1141.30064,1283.9632199999999,0
13.1,13,1,26,31,T,1,6,5,21,5,71.43122399999993,1428.6244799999997,1500.0557039999997,63.414264
14.1,14,1,26,1143,Q,1,1,0,26,0,26.432910000000007,0.0,26.432910000000007,74.56709
16.1,16,1,26,Hire,H,0,6,5,21,5,139.97394400000007,1399.7394400000003,1539.7133840000004,0
17.1,17,23,4,39,Q,6,23,0,4,0,32.430982,0.0,32.430982,68.569018
18.1,18,1,26,1173,Q,1,1,0,26,0,32.004326000000006,0.0,32.004326000000006,68.995674
19.1,19,1,26,760,Q,1,1,0,26,0,27.622476000000006,0.0,27.622476000000006,73.377524
21.1,21,7,20,498,Q,1,7,0,20,0,32.962372,0.0,32.962372,68.037628
21.2,21,7,20,5,Q,1,7,0,20,0,33.061634,0.0,33.061634,67.938366
22.1,22,1,26,1232,Q,2,2,0,25,1,35.57632100000001,285.76016000000004,321.33648100000005,65.423679
23.1,23,1,26,837,Q,1,1,0,26,0,33.06857599999999,0.0,33.06857599999999,67.931424
24.1,24,1,26,430,Q,1,1,0,26,0,34.426595000000006,0.0,34.426595000000006,66.573405
24.2,24,1,26,Hire,H,0,5,4,22,4,142.92937200000006,1143.434976,1286.364348,0
24.3,24,1,26,Hire,H,0,5,4,22,4,142.92937200000006,1143.434976,1286.364348,0
25.1,25,16,11,23,Q,1,16,0,11,0,32.192656,0.0,32.192656,68.807344
26.1,26,1,26,1206,T,2,5,3,22,4,71.48786599999994,1143.805856,1215.293722,64.431001
27.1,27,1,26,785,Q,1,1,0,26,0,27.775837999999993,0.0,27.775837999999993,73.224162
28.1,28,1,26,1110,Q,1,1,0,26,0,33.919979,0.0,33.919979,67.080021
28.2,28,1,26,203,T,1,2,1,25,1,71.43300199999999,285.73200799999995,357.16500999999994,63.791042
28.3,28,1,26,289,T,1,2,1,25,1,71.43300199999999,285.73200799999995,357.16500999999994,64.074763
29.1,29,1,26,846,Q,1,1,0,26,0,21.720834999999994,0.0,21.720834999999994,79.279165
30.1,30,1,26,1266,T,23,26,3,1,25,71.31375000000025,7131.375,7202.68875,64.141173
31.1,31,1,26,Gap,G,0,0,0,0,26,0.0,7434.662560000001,7434.662560000001,0
32.1,32,1,26,440,Q,1,1,0,26,0,33.894847999999996,0.0,33.894847999999996,67.105152
33.1,33,1,26,185,Q,1,1,0,26,0,24.541771999999995,0.0,24.541771999999995,76.458228
34.1,34,1,26,938,Q,1,1,0,26,0,33.221453999999994,0.0,33.221453999999994,67.778546
35.1,35,1,26,789,T,16,22,6,5,21,71.53395,6008.8518,6080.38575,64.342733
36.1,36,2,25,1228,Q,1,2,0,25,0,27.956214000000003,0.0,27.956214000000003,73.043786
37.1,37,18,9,380,Q,1,18,0,9,0,17.979437000000004,0.0,17.979437000000004,83.020563
38.1,38,17,10,636,Q,8,17,0,10,0,32.412424,0.0,32.412424,68.587576
39.1,39,7,20,1288,Q,1,7,0,20,0,20.28053,0.0,20.28053,80.71947
40.1,40,1,26,106,Q,1,1,0,26,0,30.375068,0.0,30.375068,70.624932
40.2,40,1,26,299,Q,1,1,0,26,0,30.388256999999996,0.0,30.388256999999996,70.611743
41.1,41,1,26,201,Q,1,1,0,26,0,22.403603000000004,0.0,22.403603000000004,78.596397
42.1,42,1,26,842,Q,1,1,0,26,0,28.833225999999996,0.0,28.833225999999996,72.166774
42.2,42,1,26,510,T,1,5,4,22,4,71.46865400000002,1143.4984639999998,1214.9671179999998,64.230528
42.3,42,1,26,182,Q,21,21,0,6,20,30.567559000000074,5717.492319999999,5748.0598789999995,70.432441
43.1,43,26,1,147,Q,5,26,0,1,0,25.052646999999993,0.0,25.052646999999993,75.947353
44.1,44,1,26,1011,Q,26,26,0,1,25,35.63502100000005,7154.697999999999,7190.3330209999995,65.364979
45.1,45,1,26,62,Q,1,1,0,26,0,34.466674,0.0,34.466674,66.533326
46.1,46,1,26,392,Q,1,1,0,26,0,16.219837,0.0,16.219837,84.780163
47.1,47,1,26,1254,Q,1,1,0,26,0,10.418543,0.0,10.418543,90.581457
48.1,48,1,26,1249,Q,1,1,0,26,0,20.908468,0.0,20.908468,80.091532
49.1,49,1,26,350,Q,1,1,0,26,0,17.030823999999996,0.0,17.030823999999996,83.969176
50.1,50,1,26,548,Q,1,1,0,26,0,21.012220999999997,0.0,21.012220999999997,79.987779
51.1,51,1,26,73,Q,1,1,0,26,0,24.549794000000006,0.0,24.549794000000006,76.450206
52.1,52,1,26,111,Q,1,1,0,26,0,22.223536999999993,0.0,22.223536999999993,78.776463
52.2,52,1,26,1299,Q,1,1,0,26,0,23.869324000000006,0.0,23.869324000000006,77.130676
53.1,53,1,26,554,Q,1,1,0,26,0,29.775711,0.0,29.775711,71.224289
54.1,54,1,26,328,Q,1,1,0,26,0,31.854461,0.0,31.854461,69.145539
56.1,56,1,26,1272,Q,1,1,0,26,0,32.320955,0.0,32.320955,68.679045
56.2,56,1,26,Gap,G,0,0,0,0,26,0.0,7421.640304000001,7421.640304000001,0
56.3,56,1,26,Gap,G,0,0,0,0,26,0.0,7421.640304000001,7421.640304000001,0
57.1,57,1,26,1049,Q,1,1,0,26,0,20.303991999999994,0.0,20.303991999999994,80.696008
58.1,58,6,21,Hire,H,0,10,9,17,4,142.87564399999997,1143.0051520000002,1285.8807960000001,0
59.1,59,1,26,1202,Q,1,1,0,26,0,26.401905999999997,0.0,26.401905999999997,74.598094
60.1,60,1,26,461,T,1,4,3,23,3,71.279178,855.350136,926.629314,63.278554
61.1,61,1,26,1216,Q,1,1,0,26,0,28.021141,0.0,28.021141,72.978859
62.1,62,3,24,347,Q,1,3,0,24,0,26.643148999999994,0.0,26.643148999999994,74.356851
63.1,63,1,26,166,Q,1,1,0,26,0,35.06965700000001,0.0,35.06965700000001,65.930343
65.1,65,1,26,Gap,G,0,0,0,0,26,0.0,7428.154031999999,7428.154031999999,0
66.1,66,7,20,910,Q,1,7,0,20,0,19.119466000000003,0.0,19.119466000000003,81.880534
67.1,67,16,11,353,Q,1,16,0,11,0,29.691284999999993,0.0,29.691284999999993,71.308715
68.1,68,6,21,1240,Q,1,6,0,21,0,25.648459000000003,0.0,25.648459000000003,75.351541
69.1,69,1,26,669,Q,1,1,0,26,0,21.389775,0.0,21.389775,79.610225
70.1,70,1,26,750,Q,1,1,0,26,0,21.965486,0.0,21.965486,79.034514
71.1,71,1,26,252,Q,1,1,0,26,0,18.286823,0.0,18.286823,82.713177
72.1,72,1,26,925,Q,1,1,0,26,0,16.278305000000003,0.0,16.278305000000003,84.721695
72.2,72,1,26,772,Q,1,1,0,26,0,16.837322999999998,0.0,16.837322999999998,84.162677
74.1,74,1,26,333,Q,1,1,0,26,0,33.968542,0.0,33.968542,67.031458
74.2,74,1,26,863,Q,1,1,0,26,0,34.242942,0.0,34.242942,66.757058
75.1,75,10,17,1107,Q,8,10,0,17,0,23.449319000000003,0.0,23.449319000000003,77.550681
76.1,76,1,26,922,Q,25,25,0,2,24,34.73634399999992,6816.059136000001,6850.795480000001,66.263656
77.1,77,1,26,1190,T,1,2,1,25,1,71.456278,285.825112,357.28139,63.34142
78.1,78,1,26,868,T,1,3,2,24,2,71.51493400000004,572.1194720000001,643.6344060000001,62.825267
79.1,79,1,26,577,Q,22,22,0,5,21,35.34671100000014,6000.482880000001,6035.8295910000015,65.653289
80.1,80,1,26,797,T,1,3,2,24,2,71.22480399999995,569.798432,641.023236,62.915983
81.1,81,1,26,1260,Q,1,1,0,26,0,16.245022000000006,0.0,16.245022000000006,84.754978
82.1,82,1,26,935,Q,1,1,0,26,0,17.083730000000003,0.0,17.083730000000003,83.91627
83.1,83,20,7,937,Q,11,20,0,7,0,27.742643,0.0,27.742643,73.257357
84.1,84,1,26,Gap,G,0,0,0,0,26,0.0,7434.662560000001,7434.662560000001,0
85.1,85,3,24,248,Q,1,3,0,24,0,17.851173000000003,0.0,17.851173000000003,83.148827
86.1,86,1,26,525,Q,1,1,0,26,0,11.338104000000001,0.0,11.338104000000001,89.661896
87.1,87,1,26,601,Q,1,1,0,26,0,13.436829000000003,0.0,13.436829000000003,87.563171
88.1,88,1,26,808,Q,1,1,0,26,0,14.177880000000002,0.0,14.177880000000002,86.82212
89.1,89,1,26,546,Q,1,1,0,26,0,18.432655999999994,0.0,18.432655999999994,82.567344
90.1,90,1,26,681,Q,1,1,0,26,0,21.634940999999998,0.0,21.634940999999998,79.365059
91.1,91,1,26,Gap,G,0,0,0,0,26,0.0,7396.076896000001,7396.076896000001,0
92.1,92,1,26,514,Q,1,1,0,26,0,27.690168,0.0,27.690168,73.309832
93.1,93,1,26,839,Q,1,1,0,26,0,25.389936000000006,0.0,25.389936000000006,75.610064
94.1,94,1,26,507,Q,1,1,0,26,0,19.592046999999994,0.0,19.592046999999994,81.407953
95.1,95,1,26,1194,T,1,5,4,22,4,71.47807000000012,1143.64912,1215.1271900000002,63.396534
96.1,96,16,11,640,Q,12,16,0,11,0,35.589879999999994,0.0,35.589879999999994,65.41012
97.1,97,2,25,1062,Q,1,2,0,25,0,26.715714000000006,0.0,26.715714000000006,74.284286
98.1,98,26,1,524,Q,15,26,0,1,0,21.538567999999998,0.0,21.538567999999998,79.461432
99.1,99,1,26,1303,Q,1,1,0,26,0,19.373419,0.0,19.373419,81.626581
99.2,99,1,26,1162,Q,1,1,0,26,0,22.108267999999995,0.0,22.108267999999995,78.891732
99.3,99,1,26,1027,Q,1,1,0,26,0,22.363453000000007,0.0,22.363453000000007,78.636547
100.1,100,24,3,616,Q,1,24,0,3,0,28.351731,0.0,28.351731,72.648269
101.1,101,1,26,629,Q,1,1,0,26,0,27.423751999999993,0.0,27.423751999999993,73.576248
101.2,101,1,26,1265,Q,1,1,0,26,0,30.515249999999995,0.0,30.515249999999995,70.48475
102.1,102,1,26,506,Q,1,1,0,26,0,20.857732999999996,0.0,20.857732999999996,80.142267
103.1,103,1,26,537,Q,1,1,0,26,0,32.75967,0.0,32.75967,68.24033
104.1,104,22,5,43,Q,14,22,0,5,0,32.863389999999995,0.0,32.863389999999995,68.13661
105.1,105,1,26,587,Q,1,1,0,26,0,18.092484,0.0,18.092484,82.907516
106.1,106,1,26,345,Q,1,1,0,26,0,25.513420999999994,0.0,25.513420999999994,75.486579
107.1,107,1,26,Gap,G,0,0,0,0,26,0.0,7429.233136,7429.233136,0
107.2,107,1,26,Gap,G,0,0,0,0,26,0.0,7429.233136,7429.233136,0
107.3,107,1,26,Gap,G,0,0,0,0,26,0.0,7429.233136,7429.233136,0
108.1,108,1,26,411,Q,1,1,0,26,0,31.107663000000002,0.0,31.107663000000002,69.892337
109.1,109,1,26,Gap,G,0,0,0,0,26,0.0,7440.189744000001,7440.189744000001,0
110.1,110,1,26,1247,Q,1,1,0,26,0,20.396821000000003,0.0,20.396821000000003,80.603179
111.1,111,1,26,344,Q,1,1,0,26,0,34.640193999999994,0.0,34.640193999999994,66.359806
112.1,112,1,26,Gap,G,0,0,0,0,26,0.0,7424.569151999999,7424.569151999999,0
113.1,113,1,26,377,Q,15,15,0,12,14,34.97383099999979,3999.5911199999996,4034.5649509999994,66.026169
114.1,114,9,18,693,Q,1,9,0,18,0,30.168796,0.0,30.168796,70.831204
115.1,115,1,26,1231,Q,1,1,0,26,0,27.540736999999993,0.0,27.540736999999993,73.459263
116.1,116,1,26,134,Q,1,1,0,26,0,26.434310999999994,0.0,26.434310999999994,74.565689
117.1,117,1,26,224,Q,1,1,0,26,0,19.799201999999994,0.0,19.799201999999994,81.200798
118.1,118,24,3,1142,Q,1,24,0,3,0,22.200357999999994,0.0,22.200357999999994,78.799642
118.2,118,24,3,326,Q,21,24,0,3,0,22.736054999999993,0.0,22.736054999999993,78.263945
118.3,118,24,3,920,Q,16,24,0,3,0,24.326046000000005,0.0,24.326046000000005,76.673954
119.1,119,1,26,1118,Q,1,1,0,26,0,17.064710000000005,0.0,17.064710000000005,83.93529
120.1,120,1,26,264,Q,1,1,0,26,0,23.411208000000002,0.0,23.411208000000002,77.588792
121.1,121,1,26,Hire,H,0,5,4,22,4,142.91974400000004,1143.3579519999998,1286.2776959999999,0
122.1,122,1,26,767,Q,1,1,0,26,0,31.122985,0.0,31.122985,69.877015
123.1,123,1,26,389,Q,1,1,0,26,0,19.761357000000004,0.0,19.761357000000004,81.238643
124.1,124,1,26,939,Q,1,1,0,26,0,27.946325,0.0,27.946325,73.053675
125.1,125,1,26,294,Q,1,1,0,26,0,31.775379,0.0,31.775379,69.224621
126.1,126,1,26,435,Q,1,1,0,26,0,35.58600199999999,0.0,35.58600199999999,65.413998
127.1,127,1,26,427,Q,20,20,0,7,19,34.892562,5409.751896000001,5444.644458000001,66.107438
128.1,128,1,26,156,Q,1,1,0,26,0,20.359961,0.0,20.359961,80.640039
129.1,129,5,22,92,Q,1,5,0,22,0,23.433800000000005,0.0,23.433800000000005,77.5662
130.1,130,1,26,410,Q,1,1,0,26,0,33.973138000000006,0.0,33.973138000000006,67.026862
131.1,131,1,26,821,Q,1,1,0,26,0,13.972166999999999,0.0,13.972166999999999,87.027833
132.1,132,1,26,480,Q,1,1,0,26,0,24.160501999999994,0.0,24.160501999999994,76.839498
133.1,133,1,26,979,Q,1,1,0,26,0,27.632510999999994,0.0,27.632510999999994,73.367489
134.1,134,1,26,696,Q,1,1,0,26,0,16.53327,0.0,16.53327,84.46673
135.1,135,16,11,744,Q,9,16,0,11,0,34.592974999999996,0.0,34.592974999999996,66.407025
136.1,136,1,26,608,Q,1,1,0,26,0,26.346712999999994,0.0,26.346712999999994,74.653287
137.1,137,1,26,594,Q,14,14,0,13,13,35.43799500000023,3715.1276239999997,3750.565619,65.562005
138.1,138,1,26,Gap,G,0,0,0,0,26,0.0,7431.037952000001,7431.037952000001,0
139.1,139,1,26,228,Q,1,1,0,26,0,22.337103,0.0,22.337103,78.662897
140.1,140,1,26,Hire,H,0,5,4,22,4,140.69832399999996,1125.586592,1266.284916,0
141.1,141,1,26,424,Q,1,1,0,26,0,17.948806000000005,0.0,17.948806000000005,83.051194
142.1,142,3,24,1255,Q,1,3,0,24,0,28.205479999999994,0.0,28.205479999999994,72.79452
143.1,143,1,26,1033,T,1,2,1,25,1,71.53732600000001,286.14930400000003,357.68663000000004,63.289754
144.1,144,1,26,128,Q,1,1,0,26,0,24.198173999999995,0.0,24.198173999999995,76.801826
145.1,145,1,26,16,Q,1,1,0,26,0,31.206942999999995,0.0,31.206942999999995,69.793057
146.1,146,1,26,Gap,G,0,0,0,0,26,0.0,7441.299840000001,7441.299840000001,0
147.1,147,1,26,698,Q,1,1,0,26,0,34.86489,0.0,34.86489,66.13511
148.1,148,1,26,449,T,1,5,4,22,4,71.43213999999989,1142.91424,1214.34638,63.704807
149.1,149,9,18,301,Q,5,9,0,18,0,18.810152000000002,0.0,18.810152000000002,82.189848
150.1,150,1,26,487,T,15,17,2,10,16,71.4245579999997,4571.171711999999,4642.596269999999,62.715043
151.1,151,1,26,297,Q,1,1,0,26,0,28.901027999999997,0.0,28.901027999999997,72.098972
152.1,152,1,26,Hire,H,0,6,5,21,5,142.96273999999994,1429.6273999999999,1572.5901399999998,0
152.2,152,1,26,795,T,1,7,6,20,6,71.48136999999997,1715.55288,1787.03425,63.139928
153.1,153,1,26,Hire,H,0,5,4,22,4,143.03209199999992,1144.2567359999998,1287.2888279999997,0
154.1,154,1,26,Gap,G,0,0,0,0,26,0.0,7437.628432,7437.628432,0
155.1,155,1,26,761,Q,1,1,0,26,0,20.467737,0.0,20.467737,80.532263
156.1,156,7,20,1169,Q,1,7,0,20,0,31.406397,0.0,31.406397,69.593603
157.1,157,1,26,359,Q,1,1,0,26,0,25.341517999999994,0.0,25.341517999999994,75.658482
158.1,158,1,26,558,Q,1,1,0,26,0,28.580045999999996,0.0,28.580045999999996,72.419954
159.1,159,1,26,583,Q,1,1,0,26,0,19.676182999999995,0.0,19.676182999999995,81.323817
160.1,160,1,26,1140,Q,1,1,0,26,0,28.849456000000004,0.0,28.849456000000004,72.150544
161.1,161,1,26,1,Q,1,1,0,26,0,31.499775,0.0,31.499775,69.500225
162.1,162,1,26,1237,Q,1,1,0,26,0,28.737379000000004,0.0,28.737379000000004,72.262621
163.1,163,16,11,872,Q,1,16,0,11,0,27.128116000000006,0.0,27.128116000000006,73.871884
163.2,163,16,11,1306,Q,1,16,0,11,0,30.647525,0.0,30.647525,70.352475
163.3,163,16,11,327,Q,8,16,0,11,0,32.159774,0.0,32.159774,68.840226
164.1,164,1,26,1301,Q,1,1,0,26,0,21.572506000000004,0.0,21.572506000000004,79.427494
165.1,165,1,26,1153,Q,1,1,0,26,0,15.474643,0.0,15.474643,85.525357
165.2,165,1,26,184,Q,1,1,0,26,0,19.481628999999998,0.0,19.481628999999998,81.518371
166.1,166,1,26,362,Q,1,1,0,26,0,30.313614,0.0,30.313614,70.686386
167.1,167,1,26,Gap,G,0,0,0,0,26,0.0,7434.411088000001,7434.411088000001,0
168.1,168,1,26,603,Q,1,1,0,26,0,30.415937,0.0,30.415937,70.584063
169.1,169,20,7,1192,Q,1,20,0,7,0,15.180564000000004,0.0,15.180564000000004,85.819436
170.1,170,19,8,1018,Q,1,19,0,8,0,18.688343000000003,0.0,18.688343000000003,82.311657
171.1,171,1,26,777,Q,1,1,0,26,0,24.071799,0.0,24.071799,76.928201
172.1,172,1,26,1004,Q,1,1,0,26,0,21.174515999999997,0.0,21.174515999999997,79.825484
173.1,173,3,24,320,Q,1,3,0,24,0,30.979012999999995,0.0,30.979012999999995,70.020987
174.1,174,1,26,268,Q,1,1,0,26,0,26.339386000000005,0.0,26.339386000000005,74.660614
175.1,175,11,16,373,Q,10,11,0,16,0,35.711175999999995,0.0,35.711175999999995,65.288824
176.1,176,21,6,959,Q,20,21,0,6,0,25.875181999999995,0.0,25.875181999999995,75.124818
177.1,177,1,26,704,Q,1,1,0,26,0,27.518458999999993,0.0,27.518458999999993,73.481541
178.1,178,1,26,Hire,H,0,6,5,21,5,142.95939999999996,1429.594,1572.5534,0
179.1,179,1,26,1165,Q,1,1,0,26,0,28.460813,0.0,28.460813,72.539187
180.1,180,1,26,Gap,G,0,0,0,0,26,0.0,7416.594848,7416.594848,0
181.1,181,1,26,963,Q,1,1,0,26,0,31.224404000000007,0.0,31.224404000000007,69.775596
182.1,182,1,26,703,Q,1,1,0,26,0,19.638880999999998,0.0,19.638880999999998,81.361119
183.1,183,14,13,715,Q,12,14,0,13,0,23.184427,0.0,23.184427,77.815573
184.1,184,1,26,85,Q,1,1,0,26,0,22.834080999999998,0.0,22.834080999999998,78.165919
185.1,185,1,26,352,Q,1,1,0,26,0,29.412645999999995,0.0,29.412645999999995,71.587354
186.1,186,26,1,183,T,1,26,2,1,0,70.75141400000001,0.0,70.75141400000001,63.051263
187.1,187,24,3,76,Q,1,24,0,3,0,29.515348000000003,0.0,29.515348000000003,71.484652
188.1,188,1,26,492,Q,1,1,0,26,0,18.599832000000006,0.0,18.599832000000006,82.400168
189.1,189,1,26,497,T,6,12,6,15,11,71.02652399999988,3125.167056,3196.1935799999997,64.873163
190.1,190,10,17,99,Q,1,10,0,17,0,32.278516999999994,0.0,32.278516999999994,68.721483
191.1,191,1,26,606,Q,1,1,0,26,0,28.369668000000004,0.0,28.369668000000004,72.630332
192.1,192,1,26,Hire,H,0,5,4,22,4,142.97573199999988,1143.805856,1286.7815879999998,0
192.2,192,1,26,Hire,H,0,5,4,22,4,142.97573199999988,1143.805856,1286.7815879999998,0
194.1,194,1,26,720,Q,8,8,0,19,7,35.75603000000001,2002.3376799999996,2038.0937099999996,65.24397
194.2,194,1,26,1072,Q,10,10,0,17,9,34.723049000000174,2574.43416,2609.157209,66.276951
195.1,195,1,26,878,Q,1,1,0,26,0,26.848011,0.0,26.848011,74.151989
196.1,196,20,7,287,Q,1,20,0,7,0,21.256429999999995,0.0,21.256429999999995,79.74357
197.1,197,1,26,931,Q,1,1,0,26,0,30.303352000000004,0.0,30.303352000000004,70.696648
198.1,198,14,13,809,Q,1,14,0,13,0,19.668993999999998,0.0,19.668993999999998,81.331006
199.1,199,1,26,991,Q,1,1,0,26,0,16.438205999999994,0.0,16.438205999999994,84.561794
200.1,200,1,26,536,T,18,20,2,7,19,71.44476200000008,5429.801912,5501.246674,63.27255
201.1,201,1,26,Gap,G,0,0,0,0,26,0.0,7427.099472000002,7427.099472000002,0
202.1,202,1,26,238,Q,1,1,0,26,0,26.709514999999996,0.0,26.709514999999996,74.290485
203.1,203,1,26,153,Q,1,1,0,26,0,9.108052,0.0,9.108052,91.891948
204.1,204,1,26,146,Q,1,1,0,26,0,21.495474,0.0,21.495474,79.504526
205.1,205,1,26,1089,Q,1,1,0,26,0,27.173657000000006,0.0,27.173657000000006,73.826343
206.1,206,1,26,534,Q,1,1,0,26,0,30.825025999999994,0.0,30.825025999999994,70.174974
207.1,207,1,26,Hire,H,0,6,5,21,5,138.59636,1385.9636,1524.55996,0
207.2,207,1,26,Hire,H,0,6,5,21,5,138.59636,1385.9636,1524.55996,0
208.1,208,1,26,987,Q,1,1,0,26,0,32.245401,0.0,32.245401,68.754599
208.2,208,1,26,1044,Q,1,1,0,26,0,35.120000000000005,0.0,35.120000000000005,65.88
208.3,208,1,26,278,Q,1,1,0,26,0,35.558718,0.0,35.558718,65.441282
209.1,209,1,26,1008,T,2,6,4,21,5,70.66509599999995,1413.30192,1483.967016,63.569638
210.1,210,13,14,1281,Q,1,13,0,14,0,32.362999,0.0,32.362999,68.637001
211.1,211,22,5,898,Q,1,22,0,5,0,19.440051999999994,0.0,19.440051999999994,81.559948
211.2,211,22,5,447,Q,1,22,0,5,0,22.294563999999994,0.0,22.294563999999994,78.705436
211.3,211,22,5,1242,Q,1,22,0,5,0,24.849508999999998,0.0,24.849508999999998,76.150491
212.1,212,1,26,948,Q,1,1,0,26,0,31.622952999999995,0.0,31.622952999999995,69.377047
213.1,213,2,25,955,Q,1,2,0,25,0,34.551333,0.0,34.551333,66.448667
214.1,214,1,26,708,Q,1,1,0,26,0,30.846541000000002,0.0,30.846541000000002,70.153459
215.1,215,1,26,90,Q,1,1,0,26,0,21.430510999999996,0.0,21.430510999999996,79.569489
216.1,216,1,26,165,Q,1,1,0,26,0,8.971637000000001,0.0,8.971637000000001,92.028363
217.1,217,16,11,891,Q,1,16,0,11,0,26.764746000000002,0.0,26.764746000000002,74.235254
218.1,218,1,26,32,Q,1,1,0,26,0,19.606902000000005,0.0,19.606902000000005,81.393098
219.1,219,1,26,786,Q,1,1,0,26,0,32.186685,0.0,32.186685,68.813315
220.1,220,1,26,771,Q,1,1,0,26,0,19.598149000000006,0.0,19.598149000000006,81.401851
221.1,221,21,6,1282,Q,7,21,0,6,0,32.526810999999995,0.0,32.526810999999995,68.473189
222.1,222,1,26,Gap,G,0,0,0,0,26,0.0,7427.811872,7427.811872,0
223.1,223,1,26,1223,Q,1,1,0,26,0,23.133801000000005,0.0,23.133801000000005,77.866199
224.1,224,1,26,823,Q,1,1,0,26,0,34.25457299999999,0.0,34.25457299999999,66.745427
226.1,226,1,26,Gap,G,0,0,0,0,26,0.0,7414.654207999999,7414.654207999999,0
227.1,227,1,26,585,Q,1,1,0,26,0,27.281256,0.0,27.281256,73.718744
228.1,228,1,26,1172,Q,1,1,0,26,0,29.300489,0.0,29.300489,71.699511
229.1,229,1,26,370,Q,1,1,0,26,0,21.689847,0.0,21.689847,79.310153
229.2,229,1,26,1150,Q,1,1,0,26,0,23.875968999999998,0.0,23.875968999999998,77.124031
230.1,230,24,3,273,Q,16,24,0,3,0,34.070547000000005,0.0,34.070547000000005,66.929453
231.1,231,1,26,801,Q,1,1,0,26,0,26.982166000000007,0.0,26.982166000000007,74.017834
232.1,232,1,26,1273,Q,1,1,0,26,0,30.525693000000004,0.0,30.525693000000004,70.474307
233.1,233,1,26,196,Q,1,1,0,26,0,30.211202999999998,0.0,30.211202999999998,70.788797
234.1,234,1,26,895,Q,1,1,0,26,0,21.036944000000005,0.0,21.036944000000005,79.963056
235.1,235,1,26,609,T,1,3,2,24,2,71.40203999999994,571.21632,642.6183599999999,63.269317
236.1,236,1,26,814,T,1,5,4,22,4,71.40203999999994,1142.43264,1213.83468,63.025641
237.1,237,1,26,11,T,1,6,5,21,5,71.51445199999989,1430.28904,1501.803492,63.865962
237.2,237,1,26,590,Q,15,15,0,12,14,34.88739799999985,4004.8093120000003,4039.69671,66.112602
238.1,238,1,26,1054,Q,1,1,0,26,0,35.563406,0.0,35.563406,65.436594
239.1,239,1,26,740,T,19,22,3,5,21,71.1809460000004,5979.199464,6050.380410000001,62.945836
239.2,239,1,26,250,Q,26,26,0,1,25,34.410523999999896,7118.0946,7152.505124,66.589476
240.1,240,1,26,675,Q,1,1,0,26,0,22.222694000000004,0.0,22.222694000000004,78.777306
241.1,241,1,26,45,Q,1,1,0,26,0,28.291551999999996,0.0,28.291551999999996,72.708448
242.1,242,1,26,Gap,G,0,0,0,0,26,0.0,7436.068640000001,7436.068640000001,0
243.1,243,1,26,Gap,G,0,0,0,0,26,0.0,7426.740879999999,7426.740879999999,0
244.1,244,1,26,812,T,1,5,4,22,4,71.46723599999996,1143.4757760000002,1214.9430120000002,64.028503
244.2,244,1,26,396,Q,6,6,0,21,5,34.28859200000011,1429.3447200000003,1463.6333120000004,66.711408
244.3,244,1,26,477,Q,8,8,0,19,7,33.654945,2001.0826080000004,2034.7375530000004,67.345055
245.1,245,1,26,149,Q,1,1,0,26,0,29.529200000000003,0.0,29.529200000000003,71.4708
246.1,246,1,26,1161,Q,1,1,0,26,0,28.486851,0.0,28.486851,72.513149
247.1,247,1,26,107,Q,1,1,0,26,0,32.939463,0.0,32.939463,68.060537
248.1,248,1,26,Hire,H,0,6,5,21,5,142.38138400000003,1423.8138400000003,1566.1952240000003,0
249.1,249,1,26,Gap,G,0,0,0,0,26,0.0,7429.547215999999,7429.547215999999,0
250.1,250,1,26,Gap,G,0,0,0,0,26,0.0,7424.569151999999,7424.569151999999,0
251.1,251,1,26,932,Q,1,1,0,26,0,25.393479999999997,0.0,25.393479999999997,75.60652
252.1,252,1,26,335,Q,1,1,0,26,0,31.242486999999997,0.0,31.242486999999997,69.757513
253.1,253,1,26,677,Q,1,1,0,26,0,18.951612999999995,0.0,18.951612999999995,82.048387
254.1,254,1,26,Gap,G,0,0,0,0,26,0.0,7403.420751999999,7403.420751999999,0
255.1,255,1,26,Gap,G,0,0,0,0,26,0.0,7418.271952000001,7418.271952000001,0
256.1,256,1,26,404,Q,1,1,0,26,0,20.014334000000005,0.0,20.014334000000005,80.985666
257.1,257,19,8,80,Q,1,19,0,8,0,10.590080999999998,0.0,10.590080999999998,90.409919
258.1,258,1,26,544,Q,25,25,0,2,24,28.413327999999638,6844.051200000001,6872.464528,72.586672
259.1,259,1,26,Hire,H,0,5,4,22,4,142.91128400000002,1143.2902720000002,1286.2015560000002,0
260.1,260,2,25,673,Q,1,2,0,25,0,30.434918999999994,0.0,30.434918999999994,70.565081
261.1,261,1,26,63,Q,22,22,0,5,21,34.04532899999958,5987.19492,6021.2402489999995,66.954671
261.2,261,1,26,724,Q,24,24,0,3,23,35.6380650000001,6557.40396,6593.042025,65.361935
261.3,261,1,26,Gap,G,0,0,0,0,26,0.0,7412.717519999999,7412.717519999999,0
263.1,263,1,26,Gap,G,0,0,0,0,26,0.0,7388.745519999999,7388.745519999999,0
264.1,264,26,1,1274,Q,22,26,0,1,0,27.941907,0.0,27.941907,73.058093
265.1,265,1,26,926,Q,1,1,0,26,0,24.092333999999994,0.0,24.092333999999994,76.907666
266.1,266,1,26,192,Q,1,1,0,26,0,34.839127000000005,0.0,34.839127000000005,66.160873
267.1,267,6,21,346,Q,15,15,0,12,9,26.94787600000018,2537.3900160000003,2564.3378920000005,74.052124
268.1,268,1,26,1043,Q,1,1,0,26,0,35.235721999999996,0.0,35.235721999999996,65.764278
270.1,270,1,26,564,Q,1,1,0,26,0,22.954021999999995,0.0,22.954021999999995,78.045978
271.1,271,1,26,483,Q,1,1,0,26,0,34.942102000000006,0.0,34.942102000000006,66.057898
272.1,272,1,26,1298,Q,1,1,0,26,0,21.346985000000004,0.0,21.346985000000004,79.653015
273.1,273,1,26,1220,Q,26,26,0,1,25,32.17228200000045,7134.218400000001,7166.390682000001,68.827718
274.1,274,1,26,830,Q,1,1,0,26,0,24.478666000000004,0.0,24.478666000000004,76.521334
275.1,275,1,26,805,Q,1,1,0,26,0,27.916168,0.0,27.916168,73.083832
276.1,276,1,26,1132,Q,1,1,0,26,0,23.100015999999997,0.0,23.100015999999997,77.899984
277.1,277,1,26,927,Q,1,1,0,26,0,31.712174000000005,0.0,31.712174000000005,69.287826
278.1,278,1,26,1046,Q,1,1,0,26,0,23.641464,0.0,23.641464,77.358536
279.1,279,1,26,54,T,1,3,2,24,2,71.54872599999999,572.3898079999999,643.9385339999999,63.865697
280.1,280,1,26,1191,Q,1,1,0,26,0,25.216313,0.0,25.216313,75.783687
280.2,280,1,26,1019,Q,1,1,0,26,0,26.334187999999997,0.0,26.334187999999997,74.665812
280.3,280,1,26,351,Q,1,1,0,26,0,28.254506000000006,0.0,28.254506000000006,72.745494
281.1,281,1,26,1051,Q,1,1,0,26,0,13.643006999999997,0.0,13.643006999999997,87.356993
282.1,282,1,26,Gap,G,0,0,0,0,26,0.0,7432.516624000001,7432.516624000001,0
283.1,283,1,26,Gap,G,0,0,0,0,26,0.0,7415.783855999999,7415.783855999999,0
284.1,284,1,26,Gap,G,0,0,0,0,26,0.0,6041.758735999999,6041.758735999999,0
285.1,285,1,26,Gap,G,0,0,0,0,26,0.0,7422.926992000001,7422.926992000001,0
286.1,286,1,26,1170,Q,1,1,0,26,0,24.235206000000005,0.0,24.235206000000005,76.764794
286.2,286,1,26,592,Q,1,1,0,26,0,25.958506999999997,0.0,25.958506999999997,75.041493
287.1,287,1,26,1023,Q,1,1,0,26,0,22.830945,0.0,22.830945,78.169055
288.1,288,1,26,Hire,H,0,6,5,21,5,142.95245999999997,1429.5245999999997,1572.4770599999997,0
289.1,289,1,26,1134,Q,1,1,0,26,0,25.507976999999997,0.0,25.507976999999997,75.492023
290.1,290,1,26,369,Q,1,1,0,26,0,14.323933999999994,0.0,14.323933999999994,86.676066
290.2,290,1,26,472,Q,1,1,0,26,0,15.029419000000004,0.0,15.029419000000004,85.970581
291.1,291,1,26,1227,Q,1,1,0,26,0,25.396642999999997,0.0,25.396642999999997,75.603357
292.1,292,1,26,1287,Q,1,1,0,26,0,26.462323999999995,0.0,26.462323999999995,74.537676
293.1,293,1,26,770,T,18,19,1,8,18,71.47577600000022,5146.255872,5217.731648,64.603517
294.1,294,1,26,217,Q,1,1,0,26,0,31.123988999999995,0.0,31.123988999999995,69.876011
295.1,295,1,26,729,Q,1,1,0,26,0,30.140095000000002,0.0,30.140095000000002,70.859905
296.1,296,1,26,417,Q,1,1,0,26,0,18.487741,0.0,18.487741,82.512259
297.1,297,1,26,1261,Q,1,1,0,26,0,26.047703,0.0,26.047703,74.952297
298.1,298,1,26,Gap,G,0,0,0,0,26,0.0,7434.738063999999,7434.738063999999,0
299.1,299,1,26,348,Q,1,1,0,26,0,26.22426,0.0,26.22426,74.77574
300.1,300,1,26,774,Q,1,1,0,26,0,22.037298000000007,0.0,22.037298000000007,78.962702
301.1,301,1,26,451,Q,1,1,0,26,0,20.136019000000005,0.0,20.136019000000005,80.863981
302.1,302,1,26,866,Q,1,1,0,26,0,29.003743999999998,0.0,29.003743999999998,71.996256
303.1,303,1,26,513,Q,1,1,0,26,0,30.220316999999994,0.0,30.220316999999994,70.779683
304.1,304,1,26,291,Q,1,1,0,26,0,32.374375,0.0,32.374375,68.625625
305.1,305,1,26,Hire,H,0,6,5,21,5,142.17069199999992,1421.7069199999996,1563.8776119999995,0
306.1,306,1,26,1290,Q,1,1,0,26,0,28.349566999999993,0.0,28.349566999999993,72.650433
307.1,307,1,26,434,Q,1,1,0,26,0,20.529544,0.0,20.529544,80.470456
308.1,308,1,26,485,Q,1,1,0,26,0,15.123586000000003,0.0,15.123586000000003,85.876414
309.1,309,1,26,902,T,1,3,2,24,2,71.51081199999999,572.0864959999999,643.5973079999999,63.514561
310.1,310,1,26,727,Q,1,1,0,26,0,32.12809300000001,0.0,32.12809300000001,68.871907
311.1,311,1,26,986,Q,1,1,0,26,0,22.178877,0.0,22.178877,78.821123
312.1,312,1,26,1050,Q,1,1,0,26,0,34.64339699999999,0.0,34.64339699999999,66.356603
313.1,313,1,26,371,Q,1,1,0,26,0,24.352197000000004,0.0,24.352197000000004,76.647803
314.1,314,21,6,143,Q,7,21,0,6,0,26.743966999999998,0.0,26.743966999999998,74.256033
315.1,315,1,26,Gap,G,0,0,0,0,26,0.0,7428.732479999999,7428.732479999999,0
316.1,316,1,26,246,Q,21,21,0,6,20,33.93455100000028,5429.52816,5463.462711,67.065449
317.1,317,1,26,1063,Q,1,1,0,26,0,32.06701700000001,0.0,32.06701700000001,68.932983
318.1,318,1,26,992,Q,1,1,0,26,0,24.56931,0.0,24.56931,76.43069
319.1,319,1,26,Hire,H,0,6,5,21,5,142.431104,1424.31104,1566.742144,0
320.1,320,1,26,1022,T,1,3,2,24,2,71.47759599999995,571.820768,643.298364,63.343751
321.1,321,1,26,552,Q,1,1,0,26,0,24.760047999999998,0.0,24.760047999999998,76.239952
322.1,322,1,26,231,Q,1,1,0,26,0,33.178492000000006,0.0,33.178492000000006,67.821508
322.2,322,1,26,211,Q,1,1,0,26,0,33.678641999999996,0.0,33.678641999999996,67.321358
323.1,323,1,26,Gap,G,0,0,0,0,26,0.0,7352.068255999999,7352.068255999999,0
324.1,324,1,26,1031,Q,1,1,0,26,0,27.821399,0.0,27.821399,73.178601
325.1,325,1,26,1278,Q,1,1,0,26,0,25.619001999999995,0.0,25.619001999999995,75.380998
326.1,326,1,26,208,Q,1,1,0,26,0,33.812427,0.0,33.812427,67.187573
326.2,326,1,26,570,Q,1,1,0,26,0,33.947548999999995,0.0,33.947548999999995,67.052451
327.1,327,1,26,89,Q,1,1,0,26,0,34.390119,0.0,34.390119,66.609881
328.1,328,1,26,Gap,G,0,0,0,0,26,0.0,7375.629247999999,7375.629247999999,0
329.1,329,1,26,880,T,10,12,2,15,11,70.56530999999995,3104.8736400000007,3175.4389500000007,64.300704
330.1,330,1,26,763,Q,1,1,0,26,0,16.954004999999995,0.0,16.954004999999995,84.045995
331.1,331,1,26,1055,Q,1,1,0,26,0,28.080568999999997,0.0,28.080568999999997,72.919431
332.1,332,1,26,198,Q,15,15,0,12,14,32.877538000000186,4006.948512,4039.82605,68.122462
333.1,333,1,26,1093,Q,1,1,0,26,0,30.689277000000004,0.0,30.689277000000004,70.310723
334.1,334,12,15,405,Q,11,12,0,15,0,34.015688,0.0,34.015688,66.984312
335.1,335,1,26,42,Q,1,1,0,26,0,30.983126999999996,0.0,30.983126999999996,70.016873
336.1,336,1,26,502,Q,1,1,0,26,0,27.368131000000005,0.0,27.368131000000005,73.631869
337.1,337,1,26,367,Q,1,1,0,26,0,30.459265000000002,0.0,30.459265000000002,70.540735
338.1,338,1,26,968,Q,1,1,0,26,0,29.288809,0.0,29.288809,71.711191
339.1,339,1,26,1123,Q,1,1,0,26,0,15.565850999999995,0.0,15.565850999999995,85.434149
340.1,340,1,26,960,Q,1,1,0,26,0,28.157898000000003,0.0,28.157898000000003,72.842102
341.1,341,1,26,18,Q,1,1,0,26,0,15.910922999999997,0.0,15.910922999999997,85.089077
342.1,342,1,26,1003,Q,1,1,0,26,0,25.335046000000006,0.0,25.335046000000006,75.664954
343.1,343,1,26,1212,Q,1,1,0,26,0,24.885594999999995,0.0,24.885594999999995,76.114405
344.1,344,1,26,462,Q,1,1,0,26,0,26.508802000000003,0.0,26.508802000000003,74.491198
345.1,345,1,26,950,Q,1,1,0,26,0,32.789894000000004,0.0,32.789894000000004,68.210106
346.1,346,1,26,Gap,G,0,0,0,0,26,0.0,7375.629247999999,7375.629247999999,0
348.1,348,1,26,450,Q,1,1,0,26,0,19.548810000000003,0.0,19.548810000000003,81.45119
349.1,349,9,18,565,Q,2,9,0,18,0,33.352666,0.0,33.352666,67.647334
350.1,350,1,26,311,Q,1,1,0,26,0,28.89506,0.0,28.89506,72.10494
351.1,351,1,26,999,Q,1,1,0,26,0,27.049999,0.0,27.049999,73.950001
352.1,352,1,26,Hire,H,0,5,4,22,4,142.88052399999992,1143.0441919999998,1285.9247159999998,0
353.1,353,1,26,261,Q,1,1,0,26,0,30.777738999999997,0.0,30.777738999999997,70.222261
354.1,354,1,26,235,Q,1,1,0,26,0,29.034898999999996,0.0,29.034898999999996,71.965101
355.1,355,1,26,1188,T,1,3,2,24,2,71.401026,571.208208,642.609234,63.349992
356.1,356,1,26,358,T,1,3,2,24,2,71.54675999999995,572.37408,643.92084,63.565761
357.1,357,3,24,330,Q,1,3,0,24,0,25.663443,0.0,25.663443,75.336557
358.1,358,1,26,137,Q,1,1,0,26,0,35.357473,0.0,35.357473,65.642527
359.1,359,14,13,493,Q,1,14,0,13,0,29.512514999999993,0.0,29.512514999999993,71.487485
359.2,359,14,13,1036,Q,11,14,0,13,0,30.491270999999998,0.0,30.491270999999998,70.508729
359.3,359,14,13,1164,Q,1,14,0,13,0,31.009,0.0,31.009,69.991
360.1,360,1,26,1045,Q,1,1,0,26,0,31.477213000000006,0.0,31.477213000000006,69.522787
361.1,361,1,26,882,Q,1,1,0,26,0,27.932024999999996,0.0,27.932024999999996,73.067975
362.1,362,1,26,1086,Q,1,1,0,26,0,27.289317999999994,0.0,27.289317999999994,73.710682
363.1,363,15,12,678,Q,1,15,0,12,0,21.893176999999994,0.0,21.893176999999994,79.106823
364.1,364,18,9,886,Q,6,18,0,9,0,24.600392,0.0,24.600392,76.399608
365.1,365,2,25,Gap,G,0,0,0,0,25,0.0,7118.231,7118.231,0
365.2,365,2,25,Gap,G,0,0,0,0,25,0.0,7118.231,7118.231,0
365.3,365,2,25,Gap,G,0,0,0,0,25,0.0,7118.231,7118.231,0
366.1,366,1,26,1058,Q,1,1,0,26,0,24.690956999999997,0.0,24.690956999999997,76.309043
367.1,367,9,18,189,Q,7,9,0,18,0,33.311291,0.0,33.311291,67.688709
367.2,367,9,18,582,Q,1,9,0,18,0,33.411591,0.0,33.411591,67.588409
368.1,368,1,26,1154,Q,1,1,0,26,0,27.355547,0.0,27.355547,73.644453
369.1,369,1,26,674,Q,1,1,0,26,0,14.558406000000005,0.0,14.558406000000005,86.441594
370.1,370,1,26,650,Q,1,1,0,26,0,18.768906,0.0,18.768906,82.231094
371.1,371,1,26,687,Q,1,1,0,26,0,19.754976,0.0,19.754976,81.245024
372.1,372,1,26,1021,Q,1,1,0,26,0,28.624018000000007,0.0,28.624018000000007,72.375982
373.1,373,1,26,216,Q,1,1,0,26,0,27.846984000000006,0.0,27.846984000000006,73.153016
374.1,374,1,26,961,Q,1,1,0,26,0,29.381372999999996,0.0,29.381372999999996,71.618627
375.1,375,1,26,70,T,1,2,1,25,1,71.30135000000001,285.20540000000005,356.50675000000007,62.752813
376.1,376,1,26,124,Q,1,1,0,26,0,33.756794,0.0,33.756794,67.243206
377.1,377,1,26,1166,Q,1,1,0,26,0,25.870103,0.0,25.870103,75.129897
378.1,378,1,26,1009,Q,1,1,0,26,0,19.913107999999994,0.0,19.913107999999994,81.086892
379.1,379,4,23,1133,Q,1,4,0,23,0,28.670201000000006,0.0,28.670201000000006,72.329799
380.1,380,1,26,962,Q,1,1,0,26,0,28.631698,0.0,28.631698,72.368302
380.2,380,1,26,209,Q,24,24,0,3,23,27.765558000000055,6550.267335999999,6578.032893999999,73.234442
380.3,380,1,26,Gap,G,0,0,0,0,26,0.0,7404.650032,7404.650032,0
381.1,381,1,26,595,Q,1,1,0,26,0,29.633899,0.0,29.633899,71.366101
383.1,383,1,26,315,Q,1,1,0,26,0,32.04361,0.0,32.04361,68.95639
384.1,384,3,24,113,T,2,3,1,24,0,71.300996,0.0,71.300996,62.862732
385.1,385,1,26,540,Q,1,1,0,26,0,29.71226,0.0,29.71226,71.28774
386.1,386,1,26,79,Q,1,1,0,26,0,21.617430999999996,0.0,21.617430999999996,79.382569
387.1,387,1,26,313,Q,1,1,0,26,0,19.155533000000005,0.0,19.155533000000005,81.844467
388.1,388,1,26,832,Q,1,1,0,26,0,20.288280999999998,0.0,20.288280999999998,80.711719
389.1,389,1,26,633,Q,18,18,0,9,17,33.45983400000023,4827.736024,4861.195858,67.540166
390.1,390,1,26,788,T,23,26,3,1,25,71.4878660000004,7148.786599999999,7220.274466,63.697981
391.1,391,17,10,945,Q,1,17,0,10,0,29.811591000000007,0.0,29.811591000000007,71.188409
391.2,391,17,10,557,Q,1,17,0,10,0,30.104474999999994,0.0,30.104474999999994,70.895525
391.3,391,17,10,1293,Q,1,17,0,10,0,31.296988,0.0,31.296988,69.703012
392.1,392,1,26,1006,Q,1,1,0,26,0,19.885889000000006,0.0,19.885889000000006,81.114111
393.1,393,16,11,690,Q,1,16,0,11,0,21.573842999999997,0.0,21.573842999999997,79.426157
394.1,394,1,26,361,T,1,6,5,21,5,71.355186,1427.10372,1498.458906,63.243576
395.1,395,1,26,Hire,H,0,5,4,22,4,142.56922800000007,1140.553824,1283.1230520000001,0
396.1,396,1,26,468,Q,1,1,0,26,0,34.223302000000004,0.0,34.223302000000004,66.776698
397.1,397,1,26,Gap,G,0,0,0,0,26,0.0,7438.222064,7438.222064,0
398.1,398,4,23,612,Q,1,4,0,23,0,24.081536,0.0,24.081536,76.918464
399.1,399,1,26,470,Q,1,1,0,26,0,31.378310999999997,0.0,31.378310999999997,69.621689
400.1,400,1,26,664,Q,1,1,0,26,0,14.734517999999994,0.0,14.734517999999994,86.265482
401.1,401,18,9,841,Q,11,18,0,9,0,34.765958,0.0,34.765958,66.234042
402.1,402,1,26,1245,Q,1,1,0,26,0,26.752941000000007,0.0,26.752941000000007,74.247059
403.1,403,16,11,579,Q,10,16,0,11,0,26.265867,0.0,26.265867,74.734133
404.1,404,1,26,15,Q,1,1,0,26,0,24.340815000000006,0.0,24.340815000000006,76.659185
405.1,405,1,26,1005,Q,1,1,0,26,0,34.718126999999996,0.0,34.718126999999996,66.281873
406.1,406,1,26,188,Q,1,1,0,26,0,27.250759000000002,0.0,27.250759000000002,73.749241
407.1,407,1,26,319,Q,1,1,0,26,0,21.622045,0.0,21.622045,79.377955
407.2,407,1,26,1205,Q,1,1,0,26,0,25.941619000000003,0.0,25.941619000000003,75.058381
408.1,408,1,26,1098,Q,1,1,0,26,0,29.953058,0.0,29.953058,71.046942
409.1,409,1,26,748,Q,1,1,0,26,0,32.761371,0.0,32.761371,68.238629
410.1,410,22,5,227,Q,1,22,0,5,0,23.935322,0.0,23.935322,77.064678
411.1,411,1,26,1108,Q,24,24,0,3,23,35.65612200000032,6576.838592000001,6612.494714000001,65.343878
412.1,412,1,26,793,T,1,2,1,25,1,71.51897600000001,286.07590400000004,357.59488000000005,62.897745
413.1,413,1,26,271,Q,1,1,0,26,0,17.030030999999994,0.0,17.030030999999994,83.969969
414.1,414,1,26,Hire,H,0,6,5,21,5,142.39268800000013,1423.9268800000002,1566.3195680000003,0
415.1,415,1,26,580,Q,1,1,0,26,0,19.788251000000002,0.0,19.788251000000002,81.211749
416.1,416,1,26,993,Q,22,22,0,5,21,35.400564999999915,5947.29492,5982.695485,65.599435
417.1,417,1,26,896,Q,1,1,0,26,0,32.146669,0.0,32.146669,68.853331
418.1,418,1,26,3,Q,1,1,0,26,0,23.017177000000004,0.0,23.017177000000004,77.982823
419.1,419,14,13,725,Q,13,14,0,13,0,34.906881999999996,0.0,34.906881999999996,66.093118
420.1,420,15,12,241,Q,1,15,0,12,0,32.677965,0.0,32.677965,68.322035
421.1,421,1,26,378,T,1,7,6,20,6,71.50794199999996,1716.1906080000003,1787.6985500000003,63.896769
423.1,423,1,26,596,Q,1,1,0,26,0,16.0509,0.0,16.0509,84.9491
424.1,424,1,26,888,Q,1,1,0,26,0,26.110848000000004,0.0,26.110848000000004,74.889152
425.1,425,1,26,933,Q,18,18,0,9,17,31.14958999999999,4863.528096,4894.677686,69.85041
426.1,426,1,26,626,T,1,4,3,23,3,71.54727600000001,858.5673120000001,930.1145880000001,64.459572
427.1,427,1,26,Gap,G,0,0,0,0,26,0.0,7427.811872,7427.811872,0
427.2,427,1,26,Gap,G,0,0,0,0,26,0.0,7427.811872,7427.811872,0
428.1,428,1,26,Hire,H,0,6,5,21,5,138.67717199999993,1386.7717199999997,1525.4488919999997,0
429.1,429,1,26,1015,Q,1,1,0,26,0,28.976384999999993,0.0,28.976384999999993,72.023615
430.1,430,17,10,215,Q,1,17,0,10,0,23.28094,0.0,23.28094,77.71906
431.1,431,1,26,444,Q,1,1,0,26,0,30.518786000000006,0.0,30.518786000000006,70.481214
432.1,432,1,26,1235,Q,1,1,0,26,0,9.475181000000006,0.0,9.475181000000006,91.524819
433.1,433,1,26,186,Q,1,1,0,26,0,18.125380000000007,0.0,18.125380000000007,82.87462
433.2,433,1,26,24,Q,1,1,0,26,0,19.321337999999997,0.0,19.321337999999997,81.678662
434.1,434,6,21,256,Q,5,6,0,21,0,33.30614799999999,0.0,33.30614799999999,67.693852
435.1,435,18,9,1092,Q,3,18,0,9,0,27.284315000000007,0.0,27.284315000000007,73.715685
436.1,436,1,26,1198,Q,1,1,0,26,0,26.390179000000003,0.0,26.390179000000003,74.609821
436.2,436,1,26,843,Q,1,1,0,26,0,28.074061,0.0,28.074061,72.925939
437.1,437,1,26,155,Q,22,22,0,5,21,31.399523000000045,5981.853696000001,6013.253219000001,69.600477
438.1,438,1,26,Gap,G,0,0,0,0,26,0.0,7437.466400000001,7437.466400000001,0
439.1,439,1,26,1145,Q,1,1,0,26,0,31.248946000000004,0.0,31.248946000000004,69.751054
440.1,440,24,3,1256,Q,1,24,0,3,0,17.072329999999994,0.0,17.072329999999994,83.92767
441.1,441,1,26,274,Q,1,1,0,26,0,22.530485,0.0,22.530485,78.469515
442.1,442,1,26,Gap,G,0,0,0,0,26,0.0,7436.090479999999,7436.090479999999,0
443.1,443,1,26,Gap,G,0,0,0,0,26,0.0,7366.005712,7366.005712,0
444.1,444,1,26,754,Q,1,1,0,26,0,35.15963000000001,0.0,35.15963000000001,65.84037
446.1,446,13,14,443,Q,1,13,0,14,0,27.436685999999995,0.0,27.436685999999995,73.563314
447.1,447,1,26,551,Q,1,1,0,26,0,24.547083999999998,0.0,24.547083999999998,76.452916
448.1,448,1,26,145,Q,1,1,0,26,0,18.160139,0.0,18.160139,82.839861
449.1,449,1,26,512,Q,1,1,0,26,0,30.996836000000002,0.0,30.996836000000002,70.003164
450.1,450,2,25,853,Q,1,2,0,25,0,16.492908,0.0,16.492908,84.507092
451.1,451,1,26,160,Q,1,1,0,26,0,18.032050999999996,0.0,18.032050999999996,82.967949
452.1,452,1,26,1283,Q,1,1,0,26,0,28.378826000000004,0.0,28.378826000000004,72.621174
453.1,453,1,26,Gap,G,0,0,0,0,26,0.0,6655.788256,6655.788256,0
454.1,454,1,26,Gap,G,0,0,0,0,26,0.0,7428.732479999999,7428.732479999999,0
455.1,455,1,26,670,Q,1,1,0,26,0,16.453028000000003,0.0,16.453028000000003,84.546972
456.1,456,1,26,Gap,G,0,0,0,0,26,0.0,7437.80752,7437.80752,0
457.1,457,1,26,508,Q,1,1,0,26,0,17.284988,0.0,17.284988,83.715012
458.1,458,9,18,219,Q,7,9,0,18,0,34.073975000000004,0.0,34.073975000000004,66.926025
459.1,459,1,26,Hire,H,0,5,4,22,4,143.10192000000006,1144.81536,1287.9172800000001,0
460.1,460,8,19,1207,Q,7,8,0,19,0,25.440180999999995,0.0,25.440180999999995,75.559819
461.1,461,1,26,413,T,14,20,6,7,19,71.36716799999977,5423.904767999999,5495.271935999999,62.724129
462.1,462,1,26,918,Q,1,1,0,26,0,28.147841,0.0,28.147841,72.852159
462.2,462,1,26,199,Q,1,1,0,26,0,30.994118999999998,0.0,30.994118999999998,70.005881
463.1,463,11,16,834,Q,1,11,0,16,0,19.262688999999995,0.0,19.262688999999995,81.737311
464.1,464,19,8,710,Q,15,19,0,8,0,26.094446000000005,0.0,26.094446000000005,74.905554
465.1,465,1,26,949,Q,1,1,0,26,0,24.755511,0.0,24.755511,76.244489
465.2,465,1,26,243,Q,1,1,0,26,0,26.631021000000004,0.0,26.631021000000004,74.368979
465.3,465,1,26,806,Q,1,1,0,26,0,26.810777,0.0,26.810777,74.189223
466.1,466,1,26,1208,Q,1,1,0,26,0,23.216811000000007,0.0,23.216811000000007,77.783189
467.1,467,1,26,504,Q,26,26,0,1,25,33.83179399999972,7139.684800000001,7173.516594000001,67.168206
468.1,468,1,26,849,Q,1,1,0,26,0,22.203112000000004,0.0,22.203112000000004,78.796888
468.2,468,1,26,1167,Q,1,1,0,26,0,22.767581000000007,0.0,22.767581000000007,78.232419
468.3,468,1,26,212,Q,1,1,0,26,0,23.85826,0.0,23.85826,77.14174
469.1,469,1,26,875,Q,1,1,0,26,0,20.739716,0.0,20.739716,80.260284
470.1,470,1,26,Hire,H,0,5,4,22,4,143.02418799999987,1144.1935039999998,1287.2176919999997,0
471.1,471,24,3,263,Q,23,24,0,3,0,25.406064,0.0,25.406064,75.593936
472.1,472,22,5,1168,Q,1,22,0,5,0,22.610969999999995,0.0,22.610969999999995,78.38903
473.1,473,1,26,247,Q,1,1,0,26,0,25.867333000000002,0.0,25.867333000000002,75.132667
474.1,474,1,26,1116,Q,12,12,0,15,11,33.011953000000176,3135.6020960000005,3168.6140490000007,67.988047
476.1,476,1,26,Hire,H,0,5,4,22,4,142.77441199999998,1142.1952959999999,1284.9697079999999,0
477.1,477,1,26,1211,Q,1,1,0,26,0,19.650761000000003,0.0,19.650761000000003,81.349239
477.2,477,1,26,775,Q,1,1,0,26,0,21.282464000000004,0.0,21.282464000000004,79.717536
478.1,478,1,26,Hire,H,0,6,5,21,5,142.4030479999999,1424.0304800000001,1566.433528,0
479.1,479,1,26,634,Q,1,1,0,26,0,27.124409,0.0,27.124409,73.875591
480.1,480,1,26,293,Q,1,1,0,26,0,28.874060999999998,0.0,28.874060999999998,72.125939
481.1,481,1,26,Gap,G,0,0,0,0,26,0.0,7306.095263999999,7306.095263999999,0
482.1,482,1,26,441,Q,1,1,0,26,0,33.885819,0.0,33.885819,67.114181
483.1,483,1,26,1002,Q,1,1,0,26,0,25.591262999999998,0.0,25.591262999999998,75.408737
484.1,484,1,26,578,Q,1,1,0,26,0,20.142127000000002,0.0,20.142127000000002,80.857873
485.1,485,1,26,575,Q,1,1,0,26,0,29.294345000000007,0.0,29.294345000000007,71.705655
486.1,486,1,26,560,Q,1,1,0,26,0,27.993711000000005,0.0,27.993711000000005,73.006289
487.1,487,1,26,1246,Q,1,1,0,26,0,35.251751,0.0,35.251751,65.748249
488.1,488,1,26,Gap,G,0,0,0,0,26,0.0,7434.662560000001,7434.662560000001,0
489.1,489,1,26,1182,Q,1,1,0,26,0,26.545978000000005,0.0,26.545978000000005,74.454022
490.1,490,21,6,103,Q,18,21,0,6,0,33.197958,0.0,33.197958,67.802042
491.1,491,8,19,181,Q,8,8,0,19,0,34.97151100000001,0.0,34.97151100000001,66.028489
492.1,492,1,26,Hire,H,0,5,4,22,4,142.42508799999996,1139.4007040000001,1281.825792,0
492.2,492,1,26,Hire,H,0,5,4,22,4,142.42508799999996,1139.4007040000001,1281.825792,0
492.3,492,1,26,Hire,H,0,5,4,22,4,142.42508799999996,1139.4007040000001,1281.825792,0
493.1,493,1,26,610,T,1,2,1,25,1,71.36567400000001,285.46269600000005,356.82837000000006,63.572593
494.1,494,1,26,438,Q,1,1,0,26,0,28.907998000000006,0.0,28.907998000000006,72.092002
495.1,495,1,26,439,T,1,2,1,25,1,71.50593000000003,286.02372,357.52965000000006,63.545652
496.1,496,1,26,1074,Q,1,1,0,26,0,20.832106999999993,0.0,20.832106999999993,80.167893
497.1,497,1,26,Gap,G,0,0,0,0,26,0.0,7440.743440000001,7440.743440000001,0
498.1,498,1,26,988,Q,1,1,0,26,0,18.571855999999997,0.0,18.571855999999997,82.428144
499.1,499,1,26,230,Q,1,1,0,26,0,19.272941000000003,0.0,19.272941000000003,81.727059
500.1,500,26,1,407,Q,21,26,0,1,0,16.498399000000006,0.0,16.498399000000006,84.501601
501.1,501,1,26,494,Q,1,1,0,26,0,18.455123,0.0,18.455123,82.544877
502.1,502,1,26,847,Q,1,1,0,26,0,28.629431999999994,0.0,28.629431999999994,72.370568
503.1,503,1,26,205,Q,1,1,0,26,0,22.084868999999998,0.0,22.084868999999998,78.915131
504.1,504,1,26,755,Q,1,1,0,26,0,18.404829000000007,0.0,18.404829000000007,82.595171
505.1,505,1,26,72,Q,1,1,0,26,0,34.579252999999994,0.0,34.579252999999994,66.420747
507.1,507,1,26,719,Q,1,1,0,26,0,33.732110000000006,0.0,33.732110000000006,67.26789
508.1,508,1,26,148,Q,1,1,0,26,0,25.263084000000006,0.0,25.263084000000006,75.736916
509.1,509,1,26,60,Q,1,1,0,26,0,27.373532999999995,0.0,27.373532999999995,73.626467
510.1,510,1,26,Hire,H,0,6,5,21,5,142.87529599999993,1428.7529599999998,1571.6282559999997,0
511.1,511,19,8,Hire,H,0,19,11,8,0,143.066376,0.0,143.066376,0
512.1,512,5,22,Hire,H,0,6,5,21,1,138.902152,277.804304,416.706456,0
513.1,513,1,26,338,Q,1,1,0,26,0,24.757671000000002,0.0,24.757671000000002,76.242329
514.1,514,1,26,47,Q,1,1,0,26,0,23.487505,0.0,23.487505,77.512495
514.2,514,1,26,717,Q,1,1,0,26,0,26.227559999999997,0.0,26.227559999999997,74.77244
515.1,515,1,26,994,Q,1,1,0,26,0,23.264011999999994,0.0,23.264011999999994,77.735988
516.1,516,12,15,281,Q,1,12,0,15,0,19.243292999999994,0.0,19.243292999999994,81.756707
517.1,517,1,26,164,Q,1,1,0,26,0,21.034211999999997,0.0,21.034211999999997,79.965788
518.1,518,1,26,356,Q,1,1,0,26,0,31.544381,0.0,31.544381,69.455619
519.1,519,1,26,Gap,G,0,0,0,0,26,0.0,7440.2016,7440.2016,0
520.1,520,25,2,742,Q,24,25,0,2,0,28.437647999999996,0.0,28.437647999999996,72.562352
521.1,521,1,26,862,Q,1,1,0,26,0,25.854921000000004,0.0,25.854921000000004,75.145079
523.1,523,1,26,571,Q,1,1,0,26,0,28.508702,0.0,28.508702,72.491298
524.1,524,16,11,787,Q,11,16,0,11,0,18.289401999999995,0.0,18.289401999999995,82.710598
525.1,525,1,26,Gap,G,0,0,0,0,26,0.0,7434.692719999999,7434.692719999999,0
526.1,526,1,26,400,Q,1,1,0,26,0,34.185873,0.0,34.185873,66.814127
527.1,527,23,4,628,Q,8,23,0,4,0,30.603053000000003,0.0,30.603053000000003,70.396947
528.1,528,1,26,890,Q,1,1,0,26,0,32.579468000000006,0.0,32.579468000000006,68.420532
528.2,528,1,26,591,Q,1,1,0,26,0,32.80674500000001,0.0,32.80674500000001,68.193255
530.1,530,1,26,576,Q,1,1,0,26,0,32.840996000000004,0.0,32.840996000000004,68.159004
531.1,531,7,20,1294,Q,1,7,0,20,0,27.556331,0.0,27.556331,73.443669
532.1,532,1,26,1238,Q,1,1,0,26,0,27.781372000000005,0.0,27.781372000000005,73.218628
533.1,533,1,26,Gap,G,0,0,0,0,26,0.0,7412.627455999999,7412.627455999999,0
534.1,534,1,26,1064,Q,3,3,0,24,2,35.73503000000005,572.0368639999999,607.771894,65.26497
534.2,534,1,26,563,Q,25,25,0,2,24,33.12177900000006,6864.442367999999,6897.564146999999,67.878221
535.1,535,1,26,982,Q,1,1,0,26,0,19.882047,0.0,19.882047,81.117953
536.1,536,1,26,34,Q,1,1,0,26,0,33.769654,0.0,33.769654,67.230346
537.1,537,1,26,176,Q,1,1,0,26,0,23.398227000000006,0.0,23.398227000000006,77.601773
538.1,538,11,16,759,Q,7,11,0,16,0,34.982752000000005,0.0,34.982752000000005,66.017248
539.1,539,1,26,632,Q,1,1,0,26,0,27.028237000000004,0.0,27.028237000000004,73.971763
540.1,540,1,26,778,Q,1,1,0,26,0,32.176430999999994,0.0,32.176430999999994,68.823569
541.1,541,1,26,Gap,G,0,0,0,0,26,0.0,7416.594848,7416.594848,0
542.1,542,1,26,721,T,1,4,3,23,3,71.50801000000001,858.0961200000002,929.6041300000002,65.092867
543.1,543,1,26,817,Q,1,1,0,26,0,34.237742,0.0,34.237742,66.762258
544.1,544,1,26,1147,Q,1,1,0,26,0,20.494482000000005,0.0,20.494482000000005,80.505518
545.1,545,1,26,Gap,G,0,0,0,0,26,0.0,6561.452144000001,6561.452144000001,0
546.1,546,1,26,637,Q,1,1,0,26,0,22.118921,0.0,22.118921,78.881079
548.1,548,17,10,956,Q,1,17,0,10,0,19.98335,0.0,19.98335,81.01665
549.1,549,21,6,930,T,1,21,2,6,0,71.341284,0.0,71.341284,62.989856
550.1,550,1,26,625,Q,1,1,0,26,0,24.955184000000003,0.0,24.955184000000003,76.044816
551.1,551,1,26,712,Q,1,1,0,26,0,19.800404999999998,0.0,19.800404999999998,81.199595
552.1,552,7,20,179,T,1,7,4,20,0,71.117436,0.0,71.117436,64.895365
553.1,553,1,26,Gap,G,0,0,0,0,26,0.0,7429.867743999999,7429.867743999999,0
554.1,554,1,26,Hire,H,0,5,4,22,4,141.03412400000002,1128.2729920000002,1269.3071160000002,0
554.2,554,1,26,Hire,H,0,5,4,22,4,141.03412400000002,1128.2729920000002,1269.3071160000002,0
555.1,555,1,26,611,Q,1,1,0,26,0,25.019238,0.0,25.019238,75.980762
556.1,556,1,26,654,Q,5,5,0,22,4,32.87048099999993,1142.019264,1174.889745,68.129519
556.2,556,1,26,Hire,H,0,6,5,21,5,142.75240800000006,1427.5240800000001,1570.2764880000002,0
557.1,557,14,13,1171,Q,10,14,0,13,0,35.459756,0.0,35.459756,65.540244
558.1,558,1,26,Gap,G,0,0,0,0,26,0.0,7417.8376480000015,7417.8376480000015,0
558.2,558,1,26,Gap,G,0,0,0,0,26,0.0,7417.8376480000015,7417.8376480000015,0
559.1,559,1,26,175,Q,1,1,0,26,0,30.295776000000004,0.0,30.295776000000004,70.704224
560.1,560,1,26,382,Q,1,1,0,26,0,35.57499,0.0,35.57499,65.42501
561.1,561,1,26,86,Q,1,1,0,26,0,20.080282999999994,0.0,20.080282999999994,80.919717
562.1,562,7,20,916,Q,1,7,0,20,0,18.273433999999995,0.0,18.273433999999995,82.726566
562.2,562,7,20,376,Q,1,7,0,20,0,19.303167000000002,0.0,19.303167000000002,81.696833
563.1,563,1,26,1115,Q,1,1,0,26,0,20.321464000000006,0.0,20.321464000000006,80.678536
564.1,564,1,26,1151,Q,1,1,0,26,0,28.520652,0.0,28.520652,72.479348
565.1,565,1,26,Gap,G,0,0,0,0,26,0.0,7427.811872,7427.811872,0
566.1,566,11,16,26,Q,1,11,0,16,0,20.347041000000004,0.0,20.347041000000004,80.652959
567.1,567,1,26,813,Q,1,1,0,26,0,23.650327000000004,0.0,23.650327000000004,77.349673
568.1,568,1,26,Hire,H,0,5,4,22,4,143.01500399999986,1144.1200319999998,1287.1350359999997,0
570.1,570,1,26,Gap,G,0,0,0,0,26,0.0,7434.942736,7434.942736,0
571.1,571,1,26,733,Q,1,1,0,26,0,12.163101999999995,0.0,12.163101999999995,88.836898
572.1,572,1,26,1073,Q,1,1,0,26,0,23.514273000000003,0.0,23.514273000000003,77.485727
573.1,573,1,26,174,Q,1,1,0,26,0,23.037058000000002,0.0,23.037058000000002,77.962942
573.2,573,1,26,431,Q,1,1,0,26,0,25.745987999999997,0.0,25.745987999999997,75.254012
573.3,573,1,26,944,Q,1,1,0,26,0,25.915257999999994,0.0,25.915257999999994,75.084742
574.1,574,1,26,1075,Q,1,1,0,26,0,27.000589000000005,0.0,27.000589000000005,73.999411
575.1,575,21,6,1080,Q,19,21,0,6,0,29.11896,0.0,29.11896,71.88104
576.1,576,1,26,1157,Q,1,1,0,26,0,15.614288000000002,0.0,15.614288000000002,85.385712
577.1,577,1,26,1174,Q,1,1,0,26,0,22.936617999999996,0.0,22.936617999999996,78.063382
578.1,578,1,26,445,Q,1,1,0,26,0,31.198667,0.0,31.198667,69.801333
579.1,579,21,6,1010,Q,1,21,0,6,0,33.27174599999999,0.0,33.27174599999999,67.728254
580.1,580,20,7,151,Q,1,20,0,7,0,15.850122999999996,0.0,15.850122999999996,85.149877
581.1,581,1,26,Gap,G,0,0,0,0,26,0.0,7437.466400000001,7437.466400000001,0
581.2,581,1,26,Gap,G,0,0,0,0,26,0.0,7437.466400000001,7437.466400000001,0
581.3,581,1,26,Gap,G,0,0,0,0,26,0.0,7437.466400000001,7437.466400000001,0
582.1,582,1,26,96,Q,1,1,0,26,0,27.014148000000006,0.0,27.014148000000006,73.985852
583.1,583,1,26,828,T,1,2,1,25,1,71.51775599999996,286.07102399999997,357.58877999999993,65.003757
584.1,584,1,26,84,Q,1,1,0,26,0,32.802589999999995,0.0,32.802589999999995,68.19741
584.2,584,1,26,Gap,G,0,0,0,0,26,0.0,7441.222879999999,7441.222879999999,0
584.3,584,1,26,Gap,G,0,0,0,0,26,0.0,7441.222879999999,7441.222879999999,0
585.1,585,1,26,584,Q,1,1,0,26,0,31.893940999999998,0.0,31.893940999999998,69.106059
586.1,586,1,26,518,Q,1,1,0,26,0,24.392404,0.0,24.392404,76.607596
587.1,587,1,26,1117,Q,1,1,0,26,0,32.376384,0.0,32.376384,68.623616
588.1,588,1,26,249,Q,1,1,0,26,0,22.494530999999995,0.0,22.494530999999995,78.505469
589.1,589,1,26,867,Q,1,1,0,26,0,19.041459000000003,0.0,19.041459000000003,81.958541
590.1,590,1,26,588,Q,1,1,0,26,0,32.669472,0.0,32.669472,68.330528
591.1,591,1,26,840,Q,1,1,0,26,0,35.268201000000005,0.0,35.268201000000005,65.731799
592.1,592,1,26,Gap,G,0,0,0,0,26,0.0,7424.988063999999,7424.988063999999,0
593.1,593,1,26,985,Q,25,25,0,2,24,31.75286700000015,6864.3697919999995,6896.122659,69.247133
593.2,593,1,26,Gap,G,0,0,0,0,26,0.0,7436.400608,7436.400608,0
594.1,594,1,26,810,Q,1,1,0,26,0,30.969429000000005,0.0,30.969429000000005,70.030571
595.1,595,1,26,952,Q,1,1,0,26,0,30.875321,0.0,30.875321,70.124679
596.1,596,1,26,614,Q,1,1,0,26,0,31.377714999999995,0.0,31.377714999999995,69.622285
598.1,598,1,26,82,Q,1,1,0,26,0,24.968585000000004,0.0,24.968585000000004,76.031415
598.2,598,1,26,233,Q,1,1,0,26,0,25.884332,0.0,25.884332,75.115668
599.1,599,1,26,Gap,G,0,0,0,0,26,0.0,7440.041855999999,7440.041855999999,0
600.1,600,1,26,1201,Q,26,26,0,1,25,34.64498800000001,6928.9976,6963.642588,66.355012
601.1,601,1,26,716,Q,1,1,0,26,0,16.805730999999994,0.0,16.805730999999994,84.194269
602.1,602,1,26,415,Q,1,1,0,26,0,16.600907000000007,0.0,16.600907000000007,84.399093
603.1,603,1,26,1297,Q,1,1,0,26,0,33.271519999999995,0.0,33.271519999999995,67.72848
604.1,604,8,19,357,Q,7,8,0,19,0,31.829643000000004,0.0,31.829643000000004,69.170357
605.1,605,1,26,1176,Q,13,13,0,14,12,33.607822999999826,3417.4245120000005,3451.0323350000003,67.392177
607.1,607,1,26,523,Q,25,25,0,2,24,32.20486400000027,6867.785664,6899.990528,68.795136
608.1,608,1,26,Gap,G,0,0,0,0,26,0.0,7422.257440000001,7422.257440000001,0
609.1,609,1,26,154,Q,1,1,0,26,0,16.259846999999993,0.0,16.259846999999993,84.740153
610.1,610,1,26,306,Q,1,1,0,26,0,16.074258999999998,0.0,16.074258999999998,84.925741
611.1,611,4,23,858,Q,1,4,0,23,0,35.161401999999995,0.0,35.161401999999995,65.838598
612.1,612,5,22,Gap,G,0,0,0,0,22,0.0,6155.3935519999995,6155.3935519999995,0
613.1,613,1,26,798,Q,1,1,0,26,0,35.509795,0.0,35.509795,65.490205
614.1,614,13,14,728,Q,7,13,0,14,0,29.373705,0.0,29.373705,71.626295
615.1,615,1,26,646,Q,1,1,0,26,0,14.526916,0.0,14.526916,86.473084
616.1,616,1,26,Hire,H,0,6,5,21,5,142.8040800000001,1428.0408,1570.84488,0
617.1,617,1,26,213,Q,1,1,0,26,0,12.213793999999993,0.0,12.213793999999993,88.786206
618.1,618,10,17,816,Q,2,10,0,17,0,15.505409999999998,0.0,15.505409999999998,85.49459
619.1,619,1,26,Gap,G,0,0,0,0,26,0.0,7429.096896000001,7429.096896000001,0
620.1,620,1,26,Gap,G,0,0,0,0,26,0.0,7440.189744000001,7440.189744000001,0
621.1,621,1,26,941,Q,1,1,0,26,0,25.375534000000002,0.0,25.375534000000002,75.624466
622.1,622,1,26,Gap,G,0,0,0,0,26,0.0,7435.494976000001,7435.494976000001,0
623.1,623,1,26,35,Q,1,1,0,26,0,31.567285,0.0,31.567285,69.432715
624.1,624,1,26,Gap,G,0,0,0,0,26,0.0,7441.117216000001,7441.117216000001,0
625.1,625,1,26,802,Q,1,1,0,26,0,28.751923000000005,0.0,28.751923000000005,72.248077
626.1,626,1,26,375,Q,1,1,0,26,0,29.398717000000005,0.0,29.398717000000005,71.601283
627.1,627,1,26,635,Q,1,1,0,26,0,16.663814000000002,0.0,16.663814000000002,84.336186
628.1,628,1,26,946,Q,1,1,0,26,0,32.818864000000005,0.0,32.818864000000005,68.181136
629.1,629,1,26,503,Q,1,1,0,26,0,32.55974500000001,0.0,32.55974500000001,68.440255
630.1,630,1,26,59,Q,1,1,0,26,0,26.414462999999998,0.0,26.414462999999998,74.585537
631.1,631,1,26,1040,Q,1,1,0,26,0,29.138202000000007,0.0,29.138202000000007,71.861798
632.1,632,1,26,509,Q,1,1,0,26,0,32.102335999999994,0.0,32.102335999999994,68.897664
633.1,633,1,26,620,Q,1,1,0,26,0,28.340379,0.0,28.340379,72.659621
634.1,634,1,26,746,Q,1,1,0,26,0,35.346132,0.0,35.346132,65.653868
635.1,635,1,26,1204,Q,1,1,0,26,0,33.231849999999994,0.0,33.231849999999994,67.76815
636.1,636,1,26,1037,Q,1,1,0,26,0,28.57772,0.0,28.57772,72.42228
637.1,637,1,26,621,Q,1,1,0,26,0,22.839006999999995,0.0,22.839006999999995,78.160993
638.1,638,1,26,726,Q,1,1,0,26,0,23.807389999999998,0.0,23.807389999999998,77.19261
639.1,639,14,13,604,T,1,14,1,13,0,71.363504,0.0,71.363504,62.71863
641.1,641,1,26,543,Q,1,1,0,26,0,27.940014000000005,0.0,27.940014000000005,73.059986
641.2,641,1,26,860,Q,1,1,0,26,0,35.012805,0.0,35.012805,65.987195
641.3,641,1,26,1102,Q,1,1,0,26,0,35.043469,0.0,35.043469,65.956531
642.1,642,1,26,341,Q,1,1,0,26,0,35.440172000000004,0.0,35.440172000000004,65.559828
643.1,643,1,26,135,Q,1,1,0,26,0,34.843631,0.0,34.843631,66.156369
644.1,644,1,26,131,Q,20,20,0,7,19,35.62518600000021,5437.553760000001,5473.178946000001,65.374814
645.1,645,13,14,762,Q,1,13,0,14,0,27.993561999999997,0.0,27.993561999999997,73.006438
646.1,646,17,10,692,Q,17,17,0,10,0,29.466291999999996,0.0,29.466291999999996,71.533708
647.1,647,1,26,331,Q,1,1,0,26,0,29.508457000000007,0.0,29.508457000000007,71.491543
648.1,648,1,26,448,Q,1,1,0,26,0,28.615235999999996,0.0,28.615235999999996,72.384764
648.2,648,1,26,57,Q,1,1,0,26,0,29.767584999999997,0.0,29.767584999999997,71.232415
648.3,648,1,26,617,Q,1,1,0,26,0,32.61031199999999,0.0,32.61031199999999,68.389688
649.1,649,1,26,1077,Q,1,1,0,26,0,29.691661999999994,0.0,29.691661999999994,71.308338
650.1,650,1,26,965,Q,1,1,0,26,0,31.545693,0.0,31.545693,69.454307
650.2,650,1,26,934,Q,1,1,0,26,0,33.337880999999996,0.0,33.337880999999996,67.662119
650.3,650,1,26,1159,Q,1,1,0,26,0,33.577473,0.0,33.577473,67.422527
651.1,651,4,23,581,Q,1,4,0,23,0,24.142643000000007,0.0,24.142643000000007,76.857357
652.1,652,1,26,478,Q,1,1,0,26,0,31.941035999999997,0.0,31.941035999999997,69.058964
653.1,653,1,26,942,Q,1,1,0,26,0,28.325148,0.0,28.325148,72.674852
653.2,653,1,26,1291,Q,1,1,0,26,0,28.325148,0.0,28.325148,72.674852
653.3,653,1,26,1225,Q,1,1,0,26,0,28.988551,0.0,28.988551,72.011449
654.1,654,1,26,Gap,G,0,0,0,0,26,0.0,7412.717519999999,7412.717519999999,0
656.1,656,1,26,36,Q,1,1,0,26,0,20.155242,0.0,20.155242,80.844758
657.1,657,24,3,906,T,1,24,1,3,0,71.36786000000001,0.0,71.36786000000001,63.312225
658.1,658,1,26,1178,Q,1,1,0,26,0,29.115944,0.0,29.115944,71.884056
659.1,659,1,26,686,Q,1,1,0,26,0,24.927671000000004,0.0,24.927671000000004,76.072329
660.1,660,1,26,496,Q,1,1,0,26,0,34.778738000000004,0.0,34.778738000000004,66.221262
661.1,661,18,9,298,Q,14,18,0,9,0,28.325146000000004,0.0,28.325146000000004,72.674854
662.1,662,25,2,6,Q,17,25,0,2,0,27.75425,0.0,27.75425,73.24575
663.1,663,6,21,257,Q,1,6,0,21,0,34.10235,0.0,34.10235,66.89765
664.1,664,1,26,Gap,G,0,0,0,0,26,0.0,7437.248207999999,7437.248207999999,0
665.1,665,14,13,800,Q,4,14,0,13,0,30.667872000000003,0.0,30.667872000000003,70.332128
666.1,666,1,26,466,Q,1,1,0,26,0,26.602806,0.0,26.602806,74.397194
667.1,667,1,26,757,T,1,4,3,23,3,71.35961399999997,856.3153679999999,927.6749819999999,62.859711
668.1,668,1,26,152,Q,1,1,0,26,0,16.791585999999995,0.0,16.791585999999995,84.208414
669.1,669,19,8,647,Q,1,19,0,8,0,29.607354,0.0,29.607354,71.392646
670.1,670,1,26,1041,Q,1,1,0,26,0,23.354562,0.0,23.354562,77.645438
671.1,671,1,26,390,Q,1,1,0,26,0,31.629880999999997,0.0,31.629880999999997,69.370119
672.1,672,1,26,969,Q,1,1,0,26,0,28.978511999999995,0.0,28.978511999999995,72.021488
673.1,673,1,26,33,Q,1,1,0,26,0,24.067757,0.0,24.067757,76.932243
674.1,674,1,26,202,Q,1,1,0,26,0,26.828875999999994,0.0,26.828875999999994,74.171124
675.1,675,1,26,Hire,H,0,5,4,22,4,142.785212,1142.281696,1285.066908,0
676.1,676,1,26,1250,Q,1,1,0,26,0,19.580594000000005,0.0,19.580594000000005,81.419406
677.1,677,1,26,71,Q,1,1,0,26,0,19.897644999999997,0.0,19.897644999999997,81.102355
678.1,678,1,26,831,Q,1,1,0,26,0,31.969949999999997,0.0,31.969949999999997,69.03005
678.2,678,1,26,964,Q,1,1,0,26,0,35.250889,0.0,35.250889,65.749111
679.1,679,1,26,25,Q,1,1,0,26,0,23.570892,0.0,23.570892,77.429108
679.2,679,1,26,214,Q,1,1,0,26,0,28.209951000000004,0.0,28.209951000000004,72.790049
679.3,679,1,26,1195,Q,1,1,0,26,0,31.710448999999997,0.0,31.710448999999997,69.289551
680.1,680,1,26,1177,Q,1,1,0,26,0,26.325712999999993,0.0,26.325712999999993,74.674287
681.1,681,1,26,277,Q,1,1,0,26,0,27.165234999999996,0.0,27.165234999999996,73.834765
682.1,682,1,26,1180,Q,1,1,0,26,0,27.340781000000007,0.0,27.340781000000007,73.659219
683.1,683,1,26,1200,Q,1,1,0,26,0,22.831175,0.0,22.831175,78.168825
684.1,684,1,26,752,Q,1,1,0,26,0,33.766180000000006,0.0,33.766180000000006,67.23382
685.1,685,1,26,1024,Q,1,1,0,26,0,33.699704999999994,0.0,33.699704999999994,67.300295
686.1,686,1,26,586,Q,1,1,0,26,0,15.735022,0.0,15.735022,85.264978
687.1,687,1,26,1052,Q,1,1,0,26,0,34.208696,0.0,34.208696,66.791304
688.1,688,1,26,1155,Q,1,1,0,26,0,23.843862,0.0,23.843862,77.156138
689.1,689,1,26,607,Q,1,1,0,26,0,23.519903,0.0,23.519903,77.480097
690.1,690,1,26,139,Q,1,1,0,26,0,27.043864,0.0,27.043864,73.956136
691.1,691,1,26,702,Q,1,1,0,26,0,29.268822,0.0,29.268822,71.731178
692.1,692,1,26,428,T,1,4,3,23,3,71.32817799999998,855.9381360000001,927.2663140000001,63.324593
693.1,693,1,26,649,Q,1,1,0,26,0,15.793864,0.0,15.793864,85.206136
693.2,693,1,26,953,Q,1,1,0,26,0,17.873305000000002,0.0,17.873305000000002,83.126695
693.3,693,1,26,476,Q,1,1,0,26,0,18.455743999999996,0.0,18.455743999999996,82.544256
694.1,694,1,26,639,Q,1,1,0,26,0,27.041162999999997,0.0,27.041162999999997,73.958837
695.1,695,1,26,316,Q,1,1,0,26,0,25.878743999999998,0.0,25.878743999999998,75.121256
695.2,695,1,26,372,T,9,12,3,15,11,71.54316599999993,3147.8993040000005,3219.4424700000004,62.770193
695.3,695,1,26,442,T,13,16,3,11,15,71.54316600000038,4292.589960000001,4364.1331260000015,64.542876
696.1,696,3,24,1289,Q,1,3,0,24,0,26.733734999999996,0.0,26.733734999999996,74.266265
697.1,697,1,26,Hire,H,0,6,5,21,5,138.64655599999992,1386.4655599999996,1525.1121159999996,0
698.1,698,1,26,Gap,G,0,0,0,0,26,0.0,7424.569151999999,7424.569151999999,0
699.1,699,1,26,836,T,1,3,2,24,2,71.30134999999996,570.4108000000001,641.7121500000001,62.717726
701.1,701,1,26,366,Q,1,1,0,26,0,19.349594999999994,0.0,19.349594999999994,81.650405
702.1,702,1,26,Hire,H,0,6,5,21,5,142.67391599999996,1426.73916,1569.413076,0
703.1,703,4,23,387,Q,1,4,0,23,0,34.587146000000004,0.0,34.587146000000004,66.412854
704.1,704,1,26,Hire,H,0,5,4,22,4,143.09745199999998,1144.7796159999998,1287.8770679999998,0
705.1,705,1,26,667,Q,1,1,0,26,0,19.218545000000006,0.0,19.218545000000006,81.781455
706.1,706,14,13,1060,Q,1,14,0,13,0,15.058937,0.0,15.058937,85.941063
707.1,707,25,2,88,Q,16,25,0,2,0,33.39409499999999,0.0,33.39409499999999,67.605905
708.1,708,4,23,749,T,1,4,1,23,0,71.539998,0.0,71.539998,62.937279
709.1,709,1,26,8,T,5,7,2,20,6,71.43762399999991,1714.502976,1785.9406,64.269244
710.1,710,1,26,1113,Q,1,1,0,26,0,26.056043000000003,0.0,26.056043000000003,74.943957
711.1,711,1,26,Gap,G,0,0,0,0,26,0.0,7434.687104000001,7434.687104000001,0
711.2,711,1,26,Gap,G,0,0,0,0,26,0.0,7434.687104000001,7434.687104000001,0
711.3,711,1,26,Gap,G,0,0,0,0,26,0.0,7434.687104000001,7434.687104000001,0
712.1,712,1,26,Hire,H,0,5,4,22,4,143.03013600000008,1144.2410880000002,1287.2712240000003,0
713.1,713,1,26,105,Q,1,1,0,26,0,34.614309000000006,0.0,34.614309000000006,66.385691
714.1,714,1,26,Gap,G,0,0,0,0,26,0.0,7175.928032000002,7175.928032000002,0
714.2,714,1,26,Gap,G,0,0,0,0,26,0.0,7175.928032000002,7175.928032000002,0
714.3,714,1,26,Gap,G,0,0,0,0,26,0.0,7175.928032000002,7175.928032000002,0
715.1,715,19,8,1001,Q,6,19,0,8,0,21.219633,0.0,21.219633,79.780367
716.1,716,1,26,1185,Q,1,1,0,26,0,18.618509000000003,0.0,18.618509000000003,82.381491
717.1,717,1,26,69,Q,5,5,0,22,4,35.613076999999976,1141.978208,1177.591285,65.386923
718.1,718,1,26,631,Q,1,1,0,26,0,17.818796000000006,0.0,17.818796000000006,83.181204
719.1,719,1,26,851,Q,1,1,0,26,0,18.613136999999995,0.0,18.613136999999995,82.386863
720.1,720,14,13,484,Q,12,14,0,13,0,33.976476000000005,0.0,33.976476000000005,67.023524
720.2,720,14,13,794,T,8,14,4,13,0,71.53321,0.0,71.53321,64.636817
720.3,720,14,13,1269,T,8,14,4,13,0,71.53321,0.0,71.53321,64.318073
721.1,721,1,26,121,T,12,14,2,13,13,71.3503639999999,3710.2189280000007,3781.5692920000006,64.848703
722.1,722,1,26,28,Q,1,1,0,26,0,18.943672000000007,0.0,18.943672000000007,82.056328
723.1,723,1,26,Gap,G,0,0,0,0,26,0.0,7402.818384,7402.818384,0
724.1,724,1,26,104,Q,1,1,0,26,0,24.953522000000007,0.0,24.953522000000007,76.046478
725.1,725,1,26,Gap,G,0,0,0,0,26,0.0,7428.154031999999,7428.154031999999,0
726.1,726,1,26,622,Q,1,1,0,26,0,23.767607999999996,0.0,23.767607999999996,77.232392
727.1,727,1,26,758,Q,1,1,0,26,0,17.287668999999994,0.0,17.287668999999994,83.712331
728.1,728,7,20,339,Q,1,7,0,20,0,24.984919000000005,0.0,24.984919000000005,76.015081
729.1,729,1,26,1120,Q,1,1,0,26,0,26.519205999999997,0.0,26.519205999999997,74.480794
730.1,730,1,26,446,T,1,4,3,23,3,71.21519599999999,854.5823519999999,925.7975479999999,64.298028
731.1,731,1,26,535,Q,1,1,0,26,0,29.721825999999993,0.0,29.721825999999993,71.278174
732.1,732,8,19,21,Q,1,8,0,19,0,24.526978999999997,0.0,24.526978999999997,76.473021
732.2,732,8,19,1275,Q,1,8,0,19,0,25.041043000000002,0.0,25.041043000000002,75.958957
733.1,733,1,26,98,Q,1,1,0,26,0,22.213678,0.0,22.213678,78.786322
734.1,734,1,26,349,Q,1,1,0,26,0,21.583138000000005,0.0,21.583138000000005,79.416862
735.1,735,1,26,292,Q,1,1,0,26,0,28.685976999999994,0.0,28.685976999999994,72.314023
736.1,736,1,26,Gap,G,0,0,0,0,26,0.0,7434.725375999999,7434.725375999999,0
737.1,737,1,26,1307,Q,1,1,0,26,0,24.560340999999994,0.0,24.560340999999994,76.439659
738.1,738,1,26,Gap,G,0,0,0,0,26,0.0,7434.850176,7434.850176,0
739.1,739,1,26,568,Q,1,1,0,26,0,23.668614000000005,0.0,23.668614000000005,77.331386
740.1,740,23,4,884,Q,1,23,0,4,0,15.777569999999997,0.0,15.777569999999997,85.22243
741.1,741,1,26,394,Q,1,1,0,26,0,28.878262000000007,0.0,28.878262000000007,72.121738
742.1,742,1,26,332,Q,1,1,0,26,0,24.099751999999995,0.0,24.099751999999995,76.900248
743.1,743,1,26,Gap,G,0,0,0,0,26,0.0,7434.687104000001,7434.687104000001,0
743.2,743,1,26,Gap,G,0,0,0,0,26,0.0,7434.687104000001,7434.687104000001,0
743.3,743,1,26,Gap,G,0,0,0,0,26,0.0,7434.687104000001,7434.687104000001,0
744.1,744,1,26,Gap,G,0,0,0,0,26,0.0,7430.621328000001,7430.621328000001,0
745.1,745,1,26,1224,T,6,7,1,20,6,71.51897600000007,1716.4554240000002,1787.9744000000003,62.973348
746.1,746,1,26,516,Q,1,1,0,26,0,25.162723999999997,0.0,25.162723999999997,75.837276
747.1,747,1,26,Hire,H,0,6,5,21,5,140.21565600000008,1402.1565600000004,1542.3722160000004,0
748.1,748,1,26,855,Q,1,1,0,26,0,30.472295000000003,0.0,30.472295000000003,70.527705
749.1,749,1,26,1236,Q,1,1,0,26,0,32.831085,0.0,32.831085,68.168915
750.1,750,1,26,412,Q,1,1,0,26,0,27.55892,0.0,27.55892,73.44108
751.1,751,8,19,1012,Q,1,8,0,19,0,14.551875999999993,0.0,14.551875999999993,86.448124
752.1,752,1,26,1087,Q,1,1,0,26,0,28.325671,0.0,28.325671,72.674329
753.1,753,1,26,1106,Q,1,1,0,26,0,25.474576999999996,0.0,25.474576999999996,75.525423
754.1,754,18,9,1302,Q,4,18,0,9,0,30.298821000000004,0.0,30.298821000000004,70.701179
755.1,755,1,26,1013,Q,1,1,0,26,0,32.80674500000001,0.0,32.80674500000001,68.193255
756.1,756,1,26,1056,Q,1,1,0,26,0,30.874533,0.0,30.874533,70.125467
757.1,757,1,26,Hire,H,0,6,5,21,5,142.76448400000004,1427.64484,1570.409324,0
758.1,758,1,26,Gap,G,0,0,0,0,26,0.0,7346.200575999998,7346.200575999998,0
759.1,759,1,26,Gap,G,0,0,0,0,26,0.0,7440.050175999999,7440.050175999999,0
759.2,759,1,26,Gap,G,0,0,0,0,26,0.0,7440.050175999999,7440.050175999999,0
760.1,760,17,10,1276,Q,13,17,0,10,0,31.264989999999997,0.0,31.264989999999997,69.73501
761.1,761,1,26,796,Q,1,1,0,26,0,34.117327,0.0,34.117327,66.882673
761.2,761,1,26,321,Q,1,1,0,26,0,35.643007,0.0,35.643007,65.356993
762.1,762,1,26,66,T,1,2,1,25,1,71.52039000000002,286.08155999999997,357.60195,64.293091
763.1,763,1,26,792,Q,1,1,0,26,0,32.308113000000006,0.0,32.308113000000006,68.691887
764.1,764,1,26,100,Q,1,1,0,26,0,25.928325,0.0,25.928325,75.071675
765.1,765,1,26,4,Q,5,5,0,22,4,35.600758999999925,1142.54032,1178.141079,65.399241
765.2,765,1,26,894,Q,24,24,0,3,23,35.704385,6569.60684,6605.311225,65.295615
766.1,766,1,26,773,Q,1,1,0,26,0,29.090457999999998,0.0,29.090457999999998,71.909542
767.1,767,1,26,269,Q,1,1,0,26,0,33.293031,0.0,33.293031,67.706969
768.1,768,1,26,1152,Q,1,1,0,26,0,28.025482999999994,0.0,28.025482999999994,72.974517
768.2,768,1,26,850,Q,1,1,0,26,0,28.909383000000005,0.0,28.909383000000005,72.090617
769.1,769,1,26,285,Q,1,1,0,26,0,18.036235000000005,0.0,18.036235000000005,82.963765
770.1,770,1,26,Gap,G,0,0,0,0,26,0.0,7428.154031999999,7428.154031999999,0
771.1,771,1,26,488,T,1,6,5,21,5,67.68099000000007,1353.6198000000002,1421.3007900000002,63.455279
772.1,772,1,26,883,Q,1,1,0,26,0,35.753411,0.0,35.753411,65.246589
773.1,773,19,8,1267,Q,1,19,0,8,0,27.918042,0.0,27.918042,73.081958
774.1,774,1,26,1065,Q,1,1,0,26,0,29.836833,0.0,29.836833,71.163167
775.1,775,19,8,Hire,H,0,19,6,8,0,142.46776,0.0,142.46776,0
775.2,775,19,8,Hire,H,0,19,6,8,0,142.46776,0.0,142.46776,0
776.1,776,1,26,1296,T,18,22,4,5,21,70.83679200000006,5950.290528,6021.1273200000005,64.73643
777.1,777,1,26,197,Q,1,1,0,26,0,20.8763,0.0,20.8763,80.1237
779.1,779,1,26,1156,Q,1,1,0,26,0,27.728612,0.0,27.728612,73.271388
780.1,780,1,26,1259,T,1,5,4,22,4,71.534044,1144.544704,1216.078748,62.923191
781.1,781,1,26,1243,Q,1,1,0,26,0,29.954376999999994,0.0,29.954376999999994,71.045623
783.1,783,1,26,1292,Q,24,24,0,3,23,31.945937999999842,6552.232087999999,6584.178025999999,69.054062
783.2,783,1,26,Gap,G,0,0,0,0,26,0.0,7406.871055999999,7406.871055999999,0
784.1,784,1,26,804,Q,1,1,0,26,0,20.305773000000002,0.0,20.305773000000002,80.694227
785.1,785,1,26,615,Q,1,1,0,26,0,22.454139999999995,0.0,22.454139999999995,78.54586
786.1,786,1,26,1090,Q,1,1,0,26,0,24.626763999999994,0.0,24.626763999999994,76.373236
787.1,787,23,4,1248,Q,1,23,0,4,0,20.785105,0.0,20.785105,80.214895
788.1,788,1,26,Gap,G,0,0,0,0,26,0.0,7419.619584000001,7419.619584000001,0
789.1,789,15,12,1146,Q,1,15,0,12,0,25.381286000000003,0.0,25.381286000000003,75.618714
790.1,790,1,26,419,Q,1,1,0,26,0,22.818866999999997,0.0,22.818866999999997,78.181133
791.1,791,1,26,781,Q,1,1,0,26,0,21.727367,0.0,21.727367,79.272633
791.2,791,1,26,553,Q,1,1,0,26,0,24.543743000000006,0.0,24.543743000000006,76.456257
792.1,792,23,4,142,Q,1,23,0,4,0,20.862313,0.0,20.862313,80.137687
793.1,793,23,4,267,Q,12,23,0,4,0,35.154161,0.0,35.154161,65.845839
794.1,794,1,26,734,Q,1,1,0,26,0,30.703518000000003,0.0,30.703518000000003,70.296482
795.1,795,1,26,1035,Q,1,1,0,26,0,33.850633,0.0,33.850633,67.149367
796.1,796,1,26,266,Q,1,1,0,26,0,23.508162,0.0,23.508162,77.491838
797.1,797,1,26,1203,Q,1,1,0,26,0,33.49049599999999,0.0,33.49049599999999,67.509504
797.2,797,1,26,500,Q,1,1,0,26,0,34.169295000000005,0.0,34.169295000000005,66.830705
797.3,797,1,26,864,Q,1,1,0,26,0,34.875201000000004,0.0,34.875201000000004,66.124799
798.1,798,1,26,Hire,H,0,6,5,21,5,138.599152,1385.99152,1524.590672,0
801.1,801,16,11,334,Q,1,16,0,11,0,35.695958000000005,0.0,35.695958000000005,65.304042
802.1,802,1,26,661,Q,1,1,0,26,0,26.12303,0.0,26.12303,74.87697
803.1,803,1,26,457,Q,1,1,0,26,0,33.280232,0.0,33.280232,67.719768
804.1,804,1,26,136,T,10,11,1,16,10,67.80501800000002,2712.20072,2780.005738,62.977875
805.1,805,1,26,1158,Q,26,26,0,1,25,35.466285000000425,7145.982000000001,7181.448285000001,65.533715
806.1,806,1,26,368,Q,1,1,0,26,0,31.536734999999993,0.0,31.536734999999993,69.463265
806.2,806,1,26,1057,Q,1,1,0,26,0,32.237458000000004,0.0,32.237458000000004,68.762542
806.3,806,1,26,976,Q,1,1,0,26,0,33.998554,0.0,33.998554,67.001446
808.1,808,1,26,129,Q,1,1,0,26,0,33.09202500000001,0.0,33.09202500000001,67.907975
809.1,809,8,19,574,Q,2,8,0,19,0,34.775829,0.0,34.775829,66.224171
810.1,810,1,26,245,Q,1,1,0,26,0,34.336,0.0,34.336,66.664
810.2,810,1,26,638,Q,1,1,0,26,0,35.024542999999994,0.0,35.024542999999994,65.975457
811.1,811,1,26,Gap,G,0,0,0,0,26,0.0,7125.952704,7125.952704,0
812.1,812,2,25,651,Q,1,2,0,25,0,32.866124,0.0,32.866124,68.133876
813.1,813,1,26,120,Q,1,1,0,26,0,28.286150000000006,0.0,28.286150000000006,72.71385
814.1,814,1,26,Gap,G,0,0,0,0,26,0.0,7375.166240000001,7375.166240000001,0
814.2,814,1,26,Gap,G,0,0,0,0,26,0.0,7375.166240000001,7375.166240000001,0
814.3,814,1,26,Gap,G,0,0,0,0,26,0.0,7375.166240000001,7375.166240000001,0
815.1,815,1,26,811,Q,1,1,0,26,0,23.666415999999998,0.0,23.666415999999998,77.333584
816.1,816,1,26,112,Q,1,1,0,26,0,34.867667,0.0,34.867667,66.132333
817.1,817,1,26,Hire,H,0,6,5,21,5,141.786292,1417.86292,1559.649212,0
818.1,818,25,2,1129,Q,3,25,0,2,0,13.279758999999999,0.0,13.279758999999999,87.720241
819.1,819,1,26,406,Q,1,1,0,26,0,27.579029000000006,0.0,27.579029000000006,73.420971
820.1,820,1,26,1233,Q,1,1,0,26,0,27.459128000000007,0.0,27.459128000000007,73.540872
821.1,821,1,26,873,Q,1,1,0,26,0,35.181792,0.0,35.181792,65.818208
822.1,822,1,26,324,Q,1,1,0,26,0,19.684269999999998,0.0,19.684269999999998,81.31573
823.1,823,1,26,236,Q,1,1,0,26,0,21.359739000000005,0.0,21.359739000000005,79.640261
824.1,824,1,26,835,Q,1,1,0,26,0,33.694142,0.0,33.694142,67.305858
825.1,825,1,26,859,Q,1,1,0,26,0,25.039199999999994,0.0,25.039199999999994,75.9608
826.1,826,1,26,343,Q,1,1,0,26,0,28.891813999999997,0.0,28.891813999999997,72.108186
827.1,827,1,26,499,Q,1,1,0,26,0,25.889602999999994,0.0,25.889602999999994,75.110397
828.1,828,4,23,593,Q,1,4,0,23,0,15.904566000000003,0.0,15.904566000000003,85.095434
829.1,829,1,26,161,Q,1,1,0,26,0,33.652193999999994,0.0,33.652193999999994,67.347806
830.1,830,1,26,403,Q,1,1,0,26,0,26.085357000000002,0.0,26.085357000000002,74.914643
831.1,831,1,26,848,Q,1,1,0,26,0,34.863873999999996,0.0,34.863873999999996,66.136126
832.1,832,1,26,Gap,G,0,0,0,0,26,0.0,7327.783008,7327.783008,0
833.1,833,1,26,162,Q,1,1,0,26,0,25.003091999999995,0.0,25.003091999999995,75.996908
835.1,835,1,26,739,Q,1,1,0,26,0,24.145425000000003,0.0,24.145425000000003,76.854575
835.2,835,1,26,87,Q,1,1,0,26,0,24.738904000000005,0.0,24.738904000000005,76.261096
835.3,835,1,26,658,Q,1,1,0,26,0,25.086005999999998,0.0,25.086005999999998,75.913994
836.1,836,1,26,309,T,4,8,4,19,7,69.00189,1932.05292,2001.05481,63.255492
836.2,836,1,26,921,Q,22,22,0,5,21,34.500944999999774,5796.15876,5830.659705,66.499055
836.3,836,1,26,Gap,G,0,0,0,0,26,0.0,7176.19656,7176.19656,0
837.1,837,1,26,Gap,G,0,0,0,0,26,0.0,7381.020608,7381.020608,0
838.1,838,1,26,312,Q,1,1,0,26,0,32.248999999999995,0.0,32.248999999999995,68.751
841.1,841,7,20,597,Q,1,7,0,20,0,31.881992999999994,0.0,31.881992999999994,69.118007
843.1,843,1,26,193,Q,1,1,0,26,0,29.921029000000004,0.0,29.921029000000004,71.078971
844.1,844,1,26,307,Q,1,1,0,26,0,26.392448,0.0,26.392448,74.607552
845.1,845,1,26,1234,Q,1,1,0,26,0,22.612449999999995,0.0,22.612449999999995,78.38755
846.1,846,1,26,178,Q,22,22,0,5,21,33.817847999999685,5857.40484,5891.222688,67.182152
847.1,847,1,26,857,Q,1,1,0,26,0,24.623146000000006,0.0,24.623146000000006,76.376854
848.1,848,6,21,1199,Q,1,6,0,21,0,31.450948999999994,0.0,31.450948999999994,69.549051
849.1,849,17,10,1083,Q,17,17,0,10,0,27.966048,0.0,27.966048,73.033952
850.1,850,3,24,1309,Q,1,3,0,24,0,26.895071,0.0,26.895071,74.104929
851.1,851,1,26,10,Q,1,1,0,26,0,27.786771,0.0,27.786771,73.213229
852.1,852,1,26,1230,Q,1,1,0,26,0,28.257802999999996,0.0,28.257802999999996,72.742197
852.2,852,1,26,38,Q,1,1,0,26,0,29.107297000000003,0.0,29.107297000000003,71.892703
852.3,852,1,26,645,Q,1,1,0,26,0,33.771462,0.0,33.771462,67.228538
853.1,853,6,21,284,T,1,7,6,20,1,71.43128999999999,285.72515999999996,357.15644999999995,62.943944
854.1,854,1,26,388,Q,1,1,0,26,0,31.217499000000004,0.0,31.217499000000004,69.782501
855.1,855,1,26,365,Q,1,1,0,26,0,20.951104,0.0,20.951104,80.048896
856.1,856,1,26,533,Q,1,1,0,26,0,28.283511000000004,0.0,28.283511000000004,72.716489
857.1,857,1,26,989,Q,15,15,0,12,14,32.72184500000003,4002.5842079999998,4035.306053,68.278155
857.2,857,1,26,Gap,G,0,0,0,0,26,0.0,7433.370671999999,7433.370671999999,0
857.3,857,1,26,Gap,G,0,0,0,0,26,0.0,7433.370671999999,7433.370671999999,0
858.1,858,1,26,1163,Q,1,1,0,26,0,24.467484,0.0,24.467484,76.532516
858.2,858,1,26,978,Q,1,1,0,26,0,27.836489999999998,0.0,27.836489999999998,73.16351
858.3,858,1,26,1284,Q,1,1,0,26,0,28.636886000000004,0.0,28.636886000000004,72.363114
859.1,859,1,26,559,Q,1,1,0,26,0,26.109088,0.0,26.109088,74.890912
860.1,860,1,26,745,Q,1,1,0,26,0,26.210187000000005,0.0,26.210187000000005,74.789813
861.1,861,17,10,723,Q,1,17,0,10,0,23.970332,0.0,23.970332,77.029668
862.1,862,1,26,262,Q,1,1,0,26,0,23.990824000000003,0.0,23.990824000000003,77.009176
863.1,863,1,26,Gap,G,0,0,0,0,26,0.0,6800.880528,6800.880528,0
864.1,864,1,26,1100,Q,1,1,0,26,0,25.487556999999995,0.0,25.487556999999995,75.512443
865.1,865,16,11,694,Q,1,16,0,11,0,31.722838999999993,0.0,31.722838999999993,69.277161
866.1,866,1,26,1214,Q,1,1,0,26,0,13.305560999999997,0.0,13.305560999999997,87.694439
867.1,867,1,26,Gap,G,0,0,0,0,26,0.0,7342.105472000001,7342.105472000001,0
868.1,868,1,26,Gap,G,0,0,0,0,26,0.0,7375.900063999999,7375.900063999999,0
869.1,869,1,26,Gap,G,0,0,0,0,26,0.0,7421.326640000001,7421.326640000001,0
870.1,870,1,26,191,T,1,2,1,25,1,71.43543799999998,285.741752,357.17719,65.13068
871.1,871,1,26,383,Q,1,1,0,26,0,28.465542,0.0,28.465542,72.534458
872.1,872,12,15,260,Q,10,12,0,15,0,34.714248999999995,0.0,34.714248999999995,66.285751
873.1,873,1,26,833,Q,1,1,0,26,0,24.071377999999996,0.0,24.071377999999996,76.928622
874.1,874,1,26,641,Q,1,1,0,26,0,30.884159999999994,0.0,30.884159999999994,70.11584
875.1,875,1,26,911,Q,1,1,0,26,0,19.541527000000002,0.0,19.541527000000002,81.458473
875.2,875,1,26,27,Q,1,1,0,26,0,25.140922000000003,0.0,25.140922000000003,75.859078
876.1,876,1,26,Gap,G,0,0,0,0,26,0.0,7419.43384,7419.43384,0
878.1,878,1,26,169,Q,1,1,0,26,0,25.477296999999993,0.0,25.477296999999993,75.522703
879.1,879,1,26,116,Q,1,1,0,26,0,32.25041,0.0,32.25041,68.74959
880.1,880,18,9,295,Q,1,18,0,9,0,29.738298,0.0,29.738298,71.261702
881.1,881,1,26,974,Q,1,1,0,26,0,33.659670000000006,0.0,33.659670000000006,67.34033
883.1,883,8,19,1053,Q,1,8,0,19,0,28.047285000000002,0.0,28.047285000000002,72.952715
884.1,884,1,26,458,Q,1,1,0,26,0,27.361363999999995,0.0,27.361363999999995,73.638636
885.1,885,1,26,1186,Q,1,1,0,26,0,18.207243000000005,0.0,18.207243000000005,82.792757
886.1,886,1,26,138,Q,1,1,0,26,0,20.400808999999995,0.0,20.400808999999995,80.599191
887.1,887,1,26,1300,Q,1,1,0,26,0,30.437884999999994,0.0,30.437884999999994,70.562115
888.1,888,1,26,680,Q,1,1,0,26,0,33.772137,0.0,33.772137,67.227863
889.1,889,1,26,265,Q,1,1,0,26,0,20.838880000000003,0.0,20.838880000000003,80.16112
889.2,889,1,26,713,Q,1,1,0,26,0,22.151670999999993,0.0,22.151670999999993,78.848329
890.1,890,1,26,652,Q,1,1,0,26,0,32.859527,0.0,32.859527,68.140473
892.1,892,1,26,Hire,H,0,5,4,22,4,142.6814199999999,1141.45136,1284.13278,0
894.1,894,1,26,1308,Q,1,1,0,26,0,31.637497999999994,0.0,31.637497999999994,69.362502
895.1,895,1,26,527,Q,1,1,0,26,0,29.664395,0.0,29.664395,71.335605
895.2,895,1,26,1059,Q,1,1,0,26,0,31.847167999999996,0.0,31.847167999999996,69.152832
895.3,895,1,26,1128,T,1,5,4,22,4,71.2252739999999,1139.6043840000002,1210.829658,63.13966
896.1,896,24,3,Hire,H,0,24,10,3,0,132.073152,0.0,132.073152,0
897.1,897,1,26,738,T,1,7,6,20,6,71.42637800000011,1714.233072,1785.65945,62.761347
897.2,897,1,26,1032,T,9,15,6,12,14,71.42637800000011,3999.877168,4071.303546,64.527005
897.3,897,1,26,1029,Q,24,24,0,3,23,32.89913400000023,6571.2267759999995,6604.12591,68.100866
899.1,899,1,26,983,Q,1,1,0,26,0,25.417787000000004,0.0,25.417787000000004,75.582213
901.1,901,1,26,336,T,20,24,4,3,23,70.19582400000036,6458.015807999999,6528.211632,62.999822
902.1,902,17,10,Hire,H,0,17,9,10,0,140.268304,0.0,140.268304,0
903.1,903,1,26,453,Q,1,1,0,26,0,17.228072999999995,0.0,17.228072999999995,83.771927
904.1,904,1,26,924,Q,1,1,0,26,0,20.805364999999995,0.0,20.805364999999995,80.194635
905.1,905,1,26,Gap,G,0,0,0,0,26,0.0,7372.120080000001,7372.120080000001,0
906.1,906,10,17,Hire,H,0,10,9,17,0,142.87272000000002,0.0,142.87272000000002,0
907.1,907,1,26,1136,Q,1,1,0,26,0,25.608317999999997,0.0,25.608317999999997,75.391682
908.1,908,1,26,966,Q,1,1,0,26,0,29.275946000000005,0.0,29.275946000000005,71.724054
908.2,908,1,26,Gap,G,0,0,0,0,26,0.0,6852.4976,6852.4976,0
908.3,908,1,26,Gap,G,0,0,0,0,26,0.0,6852.4976,6852.4976,0
909.1,909,1,26,663,Q,1,1,0,26,0,19.204409,0.0,19.204409,81.795591
910.1,910,1,26,97,Q,1,1,0,26,0,22.086189000000005,0.0,22.086189000000005,78.913811
913.1,913,1,26,1109,T,1,6,5,21,5,70.74326799999994,1414.86536,1485.608628,63.643472
915.1,915,11,16,322,Q,1,11,0,16,0,33.35701400000001,0.0,33.35701400000001,67.642986
916.1,916,1,26,799,Q,1,1,0,26,0,15.968862000000001,0.0,15.968862000000001,85.031138
917.1,917,1,26,984,Q,1,1,0,26,0,21.232259,0.0,21.232259,79.767741
918.1,918,1,26,957,Q,1,1,0,26,0,23.355029000000002,0.0,23.355029000000002,77.644971
919.1,919,1,26,1016,Q,1,1,0,26,0,30.049515,0.0,30.049515,70.950485
922.1,922,17,10,697,Q,1,17,0,10,0,24.023455999999996,0.0,24.023455999999996,76.976544
923.1,923,1,26,790,Q,1,1,0,26,0,34.664550000000006,0.0,34.664550000000006,66.33545
923.2,923,1,26,1101,Q,1,1,0,26,0,35.432063,0.0,35.432063,65.567937
924.1,924,21,6,972,T,1,21,3,6,0,70.572676,0.0,70.572676,62.982156
925.1,925,1,26,Gap,G,0,0,0,0,26,0.0,7267.671215999999,7267.671215999999,0
926.1,926,1,26,1138,Q,1,1,0,26,0,29.013867000000005,0.0,29.013867000000005,71.986133
927.1,927,1,26,Gap,G,0,0,0,0,26,0.0,6937.424832,6937.424832,0
929.1,929,1,26,416,Q,1,1,0,26,0,22.301766,0.0,22.301766,78.698234
930.1,930,26,1,998,Q,7,26,0,1,0,32.268632999999994,0.0,32.268632999999994,68.731367
930.2,930,26,1,Hire,H,0,26,12,1,0,141.397872,0.0,141.397872,0
931.1,931,7,20,1244,Q,1,7,0,20,0,23.554023,0.0,23.554023,77.445977
931.2,931,7,20,280,Q,1,7,0,20,0,24.590468,0.0,24.590468,76.409532
932.1,932,1,26,409,Q,1,1,0,26,0,31.332891000000004,0.0,31.332891000000004,69.667109
933.1,933,12,15,61,T,1,12,4,15,0,70.93214599999999,0.0,70.93214599999999,63.549315
934.1,934,1,26,958,T,21,26,5,1,25,71.2909639999998,7129.0964,7200.387364,64.344877
935.1,935,1,26,668,Q,1,1,0,26,0,20.524322999999995,0.0,20.524322999999995,80.475677
936.1,936,6,21,1179,Q,1,6,0,21,0,32.517534999999995,0.0,32.517534999999995,68.482465
937.1,937,1,26,660,Q,1,1,0,26,0,35.506885999999994,0.0,35.506885999999994,65.493114
938.1,938,1,26,Gap,G,0,0,0,0,26,0.0,7151.901743999999,7151.901743999999,0
939.1,939,1,26,251,Q,1,1,0,26,0,21.435246000000006,0.0,21.435246000000006,79.564754
940.1,940,1,26,Gap,G,0,0,0,0,26,0.0,7365.820176000001,7365.820176000001,0
941.1,941,1,26,714,Q,1,1,0,26,0,34.739363,0.0,34.739363,66.260637
942.1,942,1,26,753,Q,1,1,0,26,0,28.865114000000005,0.0,28.865114000000005,72.134886
943.1,943,1,26,429,Q,1,1,0,26,0,33.015444,0.0,33.015444,67.984556
944.1,944,7,20,970,T,1,7,1,20,0,71.06322,0.0,71.06322,64.315711
945.1,945,1,26,Gap,G,0,0,0,0,26,0.0,7419.491248,7419.491248,0
946.1,946,1,26,317,Q,1,1,0,26,0,25.894501000000005,0.0,25.894501000000005,75.105499
947.1,947,1,26,234,Q,1,1,0,26,0,22.948351000000002,0.0,22.948351000000002,78.051649
948.1,948,8,19,172,Q,1,8,0,19,0,23.451915999999997,0.0,23.451915999999997,77.548084
948.2,948,8,19,936,Q,1,8,0,19,0,28.524874999999994,0.0,28.524874999999994,72.475125
949.1,949,1,26,482,Q,1,1,0,26,0,28.395540999999994,0.0,28.395540999999994,72.604459
950.1,950,1,26,707,Q,2,2,0,25,1,33.24973,285.96124799999996,319.21097799999995,67.75027
951.1,951,17,10,940,Q,16,17,0,10,0,31.879701999999995,0.0,31.879701999999995,69.120298
952.1,952,1,26,705,T,1,4,3,23,3,69.61205799999993,835.3446959999999,904.9567539999998,64.649894
953.1,953,1,26,605,Q,1,1,0,26,0,30.650278999999998,0.0,30.650278999999998,70.349721
954.1,954,1,26,1125,Q,1,1,0,26,0,30.769942999999998,0.0,30.769942999999998,70.230057
956.1,956,1,26,279,Q,1,1,0,26,0,28.395854999999997,0.0,28.395854999999997,72.604145
957.1,957,20,7,77,Q,12,20,0,7,0,32.859556,0.0,32.859556,68.140444
957.2,957,20,7,296,Q,1,20,0,7,0,33.141994999999994,0.0,33.141994999999994,67.858005
958.1,958,1,26,779,T,1,4,3,23,3,62.71564799999999,752.5877759999998,815.3034239999998,63.809043
959.1,959,1,26,1239,Q,1,1,0,26,0,28.853092000000004,0.0,28.853092000000004,72.146908
960.1,960,17,10,929,Q,10,17,0,10,0,25.786986999999996,0.0,25.786986999999996,75.213013
963.1,963,25,2,679,Q,1,25,0,2,0,17.391653000000005,0.0,17.391653000000005,83.608347
965.1,965,1,26,Gap,G,0,0,0,0,26,0.0,7419.43384,7419.43384,0
966.1,966,1,26,Gap,G,0,0,0,0,26,0.0,7117.50208,7117.50208,0
967.1,967,10,17,Hire,H,0,11,10,16,1,137.979056,275.958112,413.93716800000004,0
968.1,968,1,26,643,Q,1,1,0,26,0,20.297882,0.0,20.297882,80.702118
969.1,969,1,26,709,T,1,2,1,25,1,71.02376600000002,284.095064,355.11883,64.147889
970.1,970,1,26,Gap,G,0,0,0,0,26,0.0,7304.236784000001,7304.236784000001,0
971.1,971,1,26,566,Q,1,1,0,26,0,29.693180999999996,0.0,29.693180999999996,71.306819
972.1,972,1,26,915,Q,1,1,0,26,0,24.627795000000006,0.0,24.627795000000006,76.372205
973.1,973,1,26,522,Q,1,1,0,26,0,23.103723000000002,0.0,23.103723000000002,77.896277
974.1,974,1,26,83,Q,9,9,0,18,8,34.99780800000008,2239.8597120000004,2274.8575200000005,66.002192
975.1,975,1,26,1193,Q,1,1,0,26,0,26.058959,0.0,26.058959,74.941041
976.1,976,3,24,824,Q,1,3,0,24,0,23.496312000000003,0.0,23.496312000000003,77.503688
977.1,977,1,26,885,Q,1,1,0,26,0,28.228397,0.0,28.228397,72.771603
978.1,978,1,26,515,Q,1,1,0,26,0,29.487827999999993,0.0,29.487827999999993,71.512172
979.1,979,1,26,555,Q,1,1,0,26,0,33.90180599999999,0.0,33.90180599999999,67.098194
980.1,980,1,26,Gap,G,0,0,0,0,26,0.0,7434.27672,7434.27672,0
981.1,981,1,26,270,Q,1,1,0,26,0,19.302006000000006,0.0,19.302006000000006,81.697994
982.1,982,1,26,Gap,G,0,0,0,0,26,0.0,7426.885648,7426.885648,0
982.2,982,1,26,Gap,G,0,0,0,0,26,0.0,7426.885648,7426.885648,0
982.3,982,1,26,Gap,G,0,0,0,0,26,0.0,7426.885648,7426.885648,0
984.1,984,18,9,258,Q,1,18,0,9,0,35.585651,0.0,35.585651,65.414349
985.1,985,5,22,1068,Q,1,5,0,22,0,34.377044999999995,0.0,34.377044999999995,66.622955
986.1,986,1,26,432,Q,1,1,0,26,0,21.108048999999994,0.0,21.108048999999994,79.891951
988.1,988,1,26,737,Q,1,1,0,26,0,23.000799999999998,0.0,23.000799999999998,77.9992
989.1,989,1,26,826,Q,1,1,0,26,0,21.868654000000006,0.0,21.868654000000006,79.131346
990.1,990,17,10,815,Q,15,17,0,10,0,34.427126,0.0,34.427126,66.572874
991.1,991,1,26,384,Q,1,1,0,26,0,29.802431,0.0,29.802431,71.197569
992.1,992,1,26,495,Q,1,1,0,26,0,33.907771,0.0,33.907771,67.092229
993.1,993,17,10,459,Q,6,17,0,10,0,27.367230000000006,0.0,27.367230000000006,73.63277
994.1,994,11,16,718,Q,1,11,0,16,0,17.308255000000003,0.0,17.308255000000003,83.691745
996.1,996,1,26,364,Q,1,1,0,26,0,24.599419999999995,0.0,24.599419999999995,76.40058
997.1,997,1,26,240,Q,1,1,0,26,0,34.070803,0.0,34.070803,66.929197
998.1,998,1,26,706,Q,1,1,0,26,0,27.290211,0.0,27.290211,73.709789
999.1,999,1,26,452,Q,1,1,0,26,0,31.542575,0.0,31.542575,69.457425
1000.1,1000,1,26,598,Q,1,1,0,26,0,30.303393999999997,0.0,30.303393999999997,70.696606
