pos,resource,type,match,cost,1,2,3,4,5,6,7,8,9,10,11,12,13,14,15,16,17,18,19,20,21,22,23,24,25,26
1.1,958,Q,68.109137,32.0, , , , , , , , , , , , , , , , , , , , , , , , ,1,1
2.1,892,Q,65.335318,35.0,1,1,1,1,1,1,1,1,1,1,1,1,1,1,1,1,1,1,1,1,1,1,1,1,1,1
2.2,489,Q,67.929681,33.0,1,1,1,1,1,1,1,1,1,1,1,1,1,1,1,1,1,1,1,1,1,1,1,1,1,1
2.3,221,Q,69.792329,31.0,1,1,1,1,1,1,1,1,1,1,1,1,1,1,1,1,1,1,1,1,1,1,1,1,1,1
3.1,383,Q,65.509859,35.0,1,1,1,1,1,1,1,1,1,1,1,1,1,1,1,1,1,1,1,1,1,1,1,1,1,1
3.2,681,T,63.19874,930.0,0,0,0,1,1,1,1,1,1,1,1,1,1,1,1,1,1,1,1,1,1,1,1,1,1,1
4.1,83,Q,73.115717,27.0, , , , , , , , , , , , , , , ,1,1,1,1,1,1,1,1,1,1,1
5.1,99,T,64.27767,70.0, , , , , , ,1,1,1,1,1,1,1,1,1,1,1,1,1,1,1,1,1,1,1,1
7.1,251,Q,87.978411,13.0,1,1,1,1,1,1,1,1,1,1,1,1,1,1,1,1,1,1,1,1,1,1,1,1,1,1
8.1,699,Q,67.877374,33.0, , , , , , , , , , , , , , , , , , , , , , ,1,1,1,1
9.1,1022,Q,72.003261,28.0, , , , , , , , , ,1,1,1,1,1,1,1,1,1,1,1,1,1,1,1,1,1
10.1,1244,Q,65.960354,35.0,1,1,1,1,1,1,1,1,1,1,1,1,1,1,1,1,1,1,1,1,1,1,1,1,1,1
11.1,713,Q,66.588518,34.0,1,1,1,1,1,1,1,1,1,1,1,1,1,1,1,1,1,1,1,1,1,1,1,1,1,1
12.1,480,Q,66.854288,34.0,1,1,1,1,1,1,1,1,1,1,1,1,1,1,1,1,1,1,1,1,1,1,1,1,1,1
13.1,452,Q,67.970886,33.0,1,1,1,1,1,1,1,1,1,1,1,1,1,1,1,1,1,1,1,1,1,1,1,1,1,1
14.1,1143,Q,74.56709,26.0,1,1,1,1,1,1,1,1,1,1,1,1,1,1,1,1,1,1,1,1,1,1,1,1,1,1
16.1,Hire,H,0,1539.0,0,0,0,0,0,1,1,1,1,1,1,1,1,1,1,1,1,1,1,1,1,1,1,1,1,1
17.1,39,Q,68.569018,32.0, , , , , , , , , , , , , , , , , , , , , , ,1,1,1,1
18.1,1173,Q,68.995674,32.0,1,1,1,1,1,1,1,1,1,1,1,1,1,1,1,1,1,1,1,1,1,1,1,1,1,1
19.1,118,Q,66.996337,34.0,1,1,1,1,1,1,1,1,1,1,1,1,1,1,1,1,1,1,1,1,1,1,1,1,1,1
21.1,5,Q,67.938366,33.0, , , , , , ,1,1,1,1,1,1,1,1,1,1,1,1,1,1,1,1,1,1,1,1
21.2,379,Q,67.530806,33.0, , , , , , ,1,1,1,1,1,1,1,1,1,1,1,1,1,1,1,1,1,1,1,1
22.1,1299,Q,75.659639,25.0,1,1,1,1,1,1,1,1,1,1,1,1,1,1,1,1,1,1,1,1,1,1,1,1,1,1
23.1,197,Q,72.45114,28.0,1,1,1,1,1,1,1,1,1,1,1,1,1,1,1,1,1,1,1,1,1,1,1,1,1,1
24.1,447,Q,74.651226,26.0,1,1,1,1,1,1,1,1,1,1,1,1,1,1,1,1,1,1,1,1,1,1,1,1,1,1
24.2,1164,Q,66.077781,34.0,1,1,1,1,1,1,1,1,1,1,1,1,1,1,1,1,1,1,1,1,1,1,1,1,1,1
24.3,430,Q,66.573405,34.0,1,1,1,1,1,1,1,1,1,1,1,1,1,1,1,1,1,1,1,1,1,1,1,1,1,1
25.1,487,Q,67.911928,33.0, , , , , , , , , , , , , , , ,1,1,1,1,1,1,1,1,1,1,1
26.1,160,Q,70.03288,30.0,1,1,1,1,1,1,1,1,1,1,1,1,1,1,1,1,1,1,1,1,1,1,1,1,1,1
27.1,509,Q,67.485315,33.0,1,1,1,1,1,1,1,1,1,1,1,1,1,1,1,1,1,1,1,1,1,1,1,1,1,1
28.1,969,Q,71.652897,29.0,1,1,1,1,1,1,1,1,1,1,1,1,1,1,1,1,1,1,1,1,1,1,1,1,1,1
28.2,704,Q,66.162007,34.0,1,1,1,1,1,1,1,1,1,1,1,1,1,1,1,1,1,1,1,1,1,1,1,1,1,1
28.3,712,Q,67.402539,33.0,1,1,1,1,1,1,1,1,1,1,1,1,1,1,1,1,1,1,1,1,1,1,1,1,1,1
29.1,846,Q,79.279165,21.0,1,1,1,1,1,1,1,1,1,1,1,1,1,1,1,1,1,1,1,1,1,1,1,1,1,1
30.1,1293,Q,65.443242,35.0,1,1,1,1,1,1,1,1,1,1,1,1,1,1,1,1,1,1,1,1,1,1,1,1,1,1
31.1,1165,Q,65.749133,35.0,1,1,1,1,1,1,1,1,1,1,1,1,1,1,1,1,1,1,1,1,1,1,1,1,1,1
32.1,211,Q,67.105152,33.0,1,1,1,1,1,1,1,1,1,1,1,1,1,1,1,1,1,1,1,1,1,1,1,1,1,1
33.1,185,Q,76.458228,24.0,1,1,1,1,1,1,1,1,1,1,1,1,1,1,1,1,1,1,1,1,1,1,1,1,1,1
34.1,938,Q,67.778546,33.0,1,1,1,1,1,1,1,1,1,1,1,1,1,1,1,1,1,1,1,1,1,1,1,1,1,1
35.1,1281,Q,66.704396,34.0,1,1,1,1,1,1,1,1,1,1,1,1,1,1,1,1,1,1,1,1,1,1,1,1,1,1
36.1,1052,Q,68.256779,32.0, ,1,1,1,1,1,1,1,1,1,1,1,1,1,1,1,1,1,1,1,1,1,1,1,1,1
37.1,298,Q,79.51737,21.0, , , , , , , , , , , , , , , , , ,1,1,1,1,1,1,1,1,1
38.1,43,Q,68.13661,32.0, , , , , , , , , , , , , , , , ,1,1,1,1,1,1,1,1,1,1
39.1,461,Q,69.443036,31.0, , , , , , ,1,1,1,1,1,1,1,1,1,1,1,1,1,1,1,1,1,1,1,1
40.1,763,Q,78.001873,22.0,1,1,1,1,1,1,1,1,1,1,1,1,1,1,1,1,1,1,1,1,1,1,1,1,1,1
40.2,907,Q,69.628576,31.0,1,1,1,1,1,1,1,1,1,1,1,1,1,1,1,1,1,1,1,1,1,1,1,1,1,1
41.1,1304,Q,73.238822,27.0,1,1,1,1,1,1,1,1,1,1,1,1,1,1,1,1,1,1,1,1,1,1,1,1,1,1
42.1,1004,Q,65.28763,35.0,1,1,1,1,1,1,1,1,1,1,1,1,1,1,1,1,1,1,1,1,1,1,1,1,1,1
42.2,546,Q,67.345953,33.0,1,1,1,1,1,1,1,1,1,1,1,1,1,1,1,1,1,1,1,1,1,1,1,1,1,1
42.3,976,Q,65.970194,35.0,1,1,1,1,1,1,1,1,1,1,1,1,1,1,1,1,1,1,1,1,1,1,1,1,1,1
43.1,633,Q,74.469696,26.0, , , , , , , , , , , , , , , , , , , , , , , , , ,1
44.1,632,Q,66.05458,34.0,1,1,1,1,1,1,1,1,1,1,1,1,1,1,1,1,1,1,1,1,1,1,1,1,1,1
45.1,36,Q,65.372171,35.0,1,1,1,1,1,1,1,1,1,1,1,1,1,1,1,1,1,1,1,1,1,1,1,1,1,1
46.1,111,Q,78.776463,22.0,1,1,1,1,1,1,1,1,1,1,1,1,1,1,1,1,1,1,1,1,1,1,1,1,1,1
47.1,331,Q,81.072927,19.0,1,1,1,1,1,1,1,1,1,1,1,1,1,1,1,1,1,1,1,1,1,1,1,1,1,1
48.1,92,Q,73.455804,27.0,1,1,1,1,1,1,1,1,1,1,1,1,1,1,1,1,1,1,1,1,1,1,1,1,1,1
49.1,29,Q,74.149958,26.0,1,1,1,1,1,1,1,1,1,1,1,1,1,1,1,1,1,1,1,1,1,1,1,1,1,1
50.1,254,Q,74.818285,26.0,1,1,1,1,1,1,1,1,1,1,1,1,1,1,1,1,1,1,1,1,1,1,1,1,1,1
51.1,1196,Q,66.269937,34.0,1,1,1,1,1,1,1,1,1,1,1,1,1,1,1,1,1,1,1,1,1,1,1,1,1,1
52.1,513,Q,73.932776,27.0,1,1,1,1,1,1,1,1,1,1,1,1,1,1,1,1,1,1,1,1,1,1,1,1,1,1
52.2,1233,Q,65.733032,35.0,1,1,1,1,1,1,1,1,1,1,1,1,1,1,1,1,1,1,1,1,1,1,1,1,1,1
53.1,554,Q,71.224289,29.0,1,1,1,1,1,1,1,1,1,1,1,1,1,1,1,1,1,1,1,1,1,1,1,1,1,1
54.1,305,Q,67.623892,33.0,1,1,1,1,1,1,1,1,1,1,1,1,1,1,1,1,1,1,1,1,1,1,1,1,1,1
56.1,1228,Q,68.03361,32.0,1,1,1,1,1,1,1,1,1,1,1,1,1,1,1,1,1,1,1,1,1,1,1,1,1,1
56.2,345,Q,71.07352,29.0,1,1,1,1,1,1,1,1,1,1,1,1,1,1,1,1,1,1,1,1,1,1,1,1,1,1
56.3,1272,Q,68.679045,32.0,1,1,1,1,1,1,1,1,1,1,1,1,1,1,1,1,1,1,1,1,1,1,1,1,1,1
57.1,94,Q,67.489238,33.0,1,1,1,1,1,1,1,1,1,1,1,1,1,1,1,1,1,1,1,1,1,1,1,1,1,1
58.1,1192,Q,67.201391,33.0, , , , , ,1,1,1,1,1,1,1,1,1,1,1,1,1,1,1,1,1,1,1,1,1
59.1,1253,Q,68.198665,32.0,1,1,1,1,1,1,1,1,1,1,1,1,1,1,1,1,1,1,1,1,1,1,1,1,1,1
60.1,1237,Q,65.909222,35.0,1,1,1,1,1,1,1,1,1,1,1,1,1,1,1,1,1,1,1,1,1,1,1,1,1,1
61.1,210,Q,66.21538,34.0,1,1,1,1,1,1,1,1,1,1,1,1,1,1,1,1,1,1,1,1,1,1,1,1,1,1
62.1,1187,Q,74.010506,26.0, , ,1,1,1,1,1,1,1,1,1,1,1,1,1,1,1,1,1,1,1,1,1,1,1,1
63.1,166,Q,65.930343,35.0,1,1,1,1,1,1,1,1,1,1,1,1,1,1,1,1,1,1,1,1,1,1,1,1,1,1
65.1,1115,Q,70.745009,30.0,1,1,1,1,1,1,1,1,1,1,1,1,1,1,1,1,1,1,1,1,1,1,1,1,1,1
66.1,314,Q,65.428005,35.0, , , , , , ,1,1,1,1,1,1,1,1,1,1,1,1,1,1,1,1,1,1,1,1
67.1,1176,Q,68.284826,32.0, , , , , , , , , , , , , , , ,1,1,1,1,1,1,1,1,1,1,1
68.1,1129,Q,75.801497,25.0, , , , , ,1,1,1,1,1,1,1,1,1,1,1,1,1,1,1,1,1,1,1,1,1
69.1,1198,Q,76.109106,24.0,1,1,1,1,1,1,1,1,1,1,1,1,1,1,1,1,1,1,1,1,1,1,1,1,1,1
70.1,750,Q,79.034514,21.0,1,1,1,1,1,1,1,1,1,1,1,1,1,1,1,1,1,1,1,1,1,1,1,1,1,1
71.1,538,Q,72.856881,28.0,1,1,1,1,1,1,1,1,1,1,1,1,1,1,1,1,1,1,1,1,1,1,1,1,1,1
72.1,768,Q,68.924942,32.0,1,1,1,1,1,1,1,1,1,1,1,1,1,1,1,1,1,1,1,1,1,1,1,1,1,1
72.2,925,Q,84.721695,16.0,1,1,1,1,1,1,1,1,1,1,1,1,1,1,1,1,1,1,1,1,1,1,1,1,1,1
74.1,333,Q,67.031458,33.0,1,1,1,1,1,1,1,1,1,1,1,1,1,1,1,1,1,1,1,1,1,1,1,1,1,1
74.2,832,Q,72.140862,28.0,1,1,1,1,1,1,1,1,1,1,1,1,1,1,1,1,1,1,1,1,1,1,1,1,1,1
75.1,78,Q,70.533067,30.0, , , , , , , , , ,1,1,1,1,1,1,1,1,1,1,1,1,1,1,1,1,1
76.1,146,Q,67.262895,33.0,1,1,1,1,1,1,1,1,1,1,1,1,1,1,1,1,1,1,1,1,1,1,1,1,1,1
77.1,745,Q,67.634097,33.0,1,1,1,1,1,1,1,1,1,1,1,1,1,1,1,1,1,1,1,1,1,1,1,1,1,1
78.1,622,Q,66.800058,34.0,1,1,1,1,1,1,1,1,1,1,1,1,1,1,1,1,1,1,1,1,1,1,1,1,1,1
79.1,540,Q,65.28284,35.0,1,1,1,1,1,1,1,1,1,1,1,1,1,1,1,1,1,1,1,1,1,1,1,1,1,1
80.1,1024,Q,66.969772,34.0,1,1,1,1,1,1,1,1,1,1,1,1,1,1,1,1,1,1,1,1,1,1,1,1,1,1
81.1,280,Q,79.184942,21.0,1,1,1,1,1,1,1,1,1,1,1,1,1,1,1,1,1,1,1,1,1,1,1,1,1,1
82.1,845,Q,69.367585,31.0,1,1,1,1,1,1,1,1,1,1,1,1,1,1,1,1,1,1,1,1,1,1,1,1,1,1
83.1,1080,Q,67.240641,33.0, , , , , , , , , , , , , , , , , , , ,1,1,1,1,1,1,1
84.1,485,Q,68.678746,32.0,1,1,1,1,1,1,1,1,1,1,1,1,1,1,1,1,1,1,1,1,1,1,1,1,1,1
85.1,248,Q,83.148827,17.0, , ,1,1,1,1,1,1,1,1,1,1,1,1,1,1,1,1,1,1,1,1,1,1,1,1
86.1,902,Q,67.704357,33.0,1,1,1,1,1,1,1,1,1,1,1,1,1,1,1,1,1,1,1,1,1,1,1,1,1,1
87.1,282,Q,83.779733,17.0,1,1,1,1,1,1,1,1,1,1,1,1,1,1,1,1,1,1,1,1,1,1,1,1,1,1
88.1,1150,Q,84.017721,16.0,1,1,1,1,1,1,1,1,1,1,1,1,1,1,1,1,1,1,1,1,1,1,1,1,1,1
89.1,866,Q,77.821935,23.0,1,1,1,1,1,1,1,1,1,1,1,1,1,1,1,1,1,1,1,1,1,1,1,1,1,1
90.1,275,Q,72.211333,28.0,1,1,1,1,1,1,1,1,1,1,1,1,1,1,1,1,1,1,1,1,1,1,1,1,1,1
91.1,174,Q,66.019258,34.0,1,1,1,1,1,1,1,1,1,1,1,1,1,1,1,1,1,1,1,1,1,1,1,1,1,1
92.1,514,Q,73.309832,27.0,1,1,1,1,1,1,1,1,1,1,1,1,1,1,1,1,1,1,1,1,1,1,1,1,1,1
93.1,51,Q,72.893078,28.0,1,1,1,1,1,1,1,1,1,1,1,1,1,1,1,1,1,1,1,1,1,1,1,1,1,1
94.1,378,Q,78.511495,22.0,1,1,1,1,1,1,1,1,1,1,1,1,1,1,1,1,1,1,1,1,1,1,1,1,1,1
95.1,445,Q,67.118403,33.0,1,1,1,1,1,1,1,1,1,1,1,1,1,1,1,1,1,1,1,1,1,1,1,1,1,1
96.1,565,Q,67.49772,33.0, , , , , , , , , , , , , , , ,1,1,1,1,1,1,1,1,1,1,1
97.1,1062,Q,74.284286,26.0, ,1,1,1,1,1,1,1,1,1,1,1,1,1,1,1,1,1,1,1,1,1,1,1,1,1
98.1,544,Q,72.68753,28.0, , , , , , , , , , , , , , , , , , , , , , , , , ,1
99.1,1235,Q,83.601931,17.0,1,1,1,1,1,1,1,1,1,1,1,1,1,1,1,1,1,1,1,1,1,1,1,1,1,1
99.2,1125,Q,76.392101,24.0,1,1,1,1,1,1,1,1,1,1,1,1,1,1,1,1,1,1,1,1,1,1,1,1,1,1
99.3,183,Q,66.415043,34.0,1,1,1,1,1,1,1,1,1,1,1,1,1,1,1,1,1,1,1,1,1,1,1,1,1,1
100.1,1292,Q,69.892271,31.0, , , , , , , , , , , , , , , , , , , , , , , ,1,1,1
101.1,1265,Q,70.48475,30.0,1,1,1,1,1,1,1,1,1,1,1,1,1,1,1,1,1,1,1,1,1,1,1,1,1,1
101.2,819,Q,69.046064,31.0,1,1,1,1,1,1,1,1,1,1,1,1,1,1,1,1,1,1,1,1,1,1,1,1,1,1
102.1,105,Q,69.304917,31.0,1,1,1,1,1,1,1,1,1,1,1,1,1,1,1,1,1,1,1,1,1,1,1,1,1,1
103.1,537,Q,68.24033,32.0,1,1,1,1,1,1,1,1,1,1,1,1,1,1,1,1,1,1,1,1,1,1,1,1,1,1
104.1,182,Q,66.493361,34.0, , , , , , , , , , , , , , , , , , , , , ,1,1,1,1,1
105.1,582,Q,78.335797,22.0,1,1,1,1,1,1,1,1,1,1,1,1,1,1,1,1,1,1,1,1,1,1,1,1,1,1
106.1,498,Q,71.317144,29.0,1,1,1,1,1,1,1,1,1,1,1,1,1,1,1,1,1,1,1,1,1,1,1,1,1,1
107.1,1247,Q,74.16679,26.0,1,1,1,1,1,1,1,1,1,1,1,1,1,1,1,1,1,1,1,1,1,1,1,1,1,1
107.2,1056,Q,65.329619,35.0,1,1,1,1,1,1,1,1,1,1,1,1,1,1,1,1,1,1,1,1,1,1,1,1,1,1
107.3,670,Q,78.32826,22.0,1,1,1,1,1,1,1,1,1,1,1,1,1,1,1,1,1,1,1,1,1,1,1,1,1,1
108.1,1246,Q,67.88499,33.0,1,1,1,1,1,1,1,1,1,1,1,1,1,1,1,1,1,1,1,1,1,1,1,1,1,1
109.1,785,Q,67.146145,33.0,1,1,1,1,1,1,1,1,1,1,1,1,1,1,1,1,1,1,1,1,1,1,1,1,1,1
110.1,616,Q,71.546454,29.0,1,1,1,1,1,1,1,1,1,1,1,1,1,1,1,1,1,1,1,1,1,1,1,1,1,1
111.1,344,Q,66.359806,34.0,1,1,1,1,1,1,1,1,1,1,1,1,1,1,1,1,1,1,1,1,1,1,1,1,1,1
112.1,404,Q,65.304956,35.0,1,1,1,1,1,1,1,1,1,1,1,1,1,1,1,1,1,1,1,1,1,1,1,1,1,1
113.1,614,Q,69.25264,31.0,1,1,1,1,1,1,1,1,1,1,1,1,1,1,1,1,1,1,1,1,1,1,1,1,1,1
114.1,477,Q,69.506444,31.0, , , , , , , , ,1,1,1,1,1,1,1,1,1,1,1,1,1,1,1,1,1,1
115.1,652,Q,66.096697,34.0,1,1,1,1,1,1,1,1,1,1,1,1,1,1,1,1,1,1,1,1,1,1,1,1,1,1
116.1,328,Q,71.144316,29.0,1,1,1,1,1,1,1,1,1,1,1,1,1,1,1,1,1,1,1,1,1,1,1,1,1,1
117.1,1128,Q,75.08119,25.0,1,1,1,1,1,1,1,1,1,1,1,1,1,1,1,1,1,1,1,1,1,1,1,1,1,1
118.1,326,Q,78.263945,22.0, , , , , , , , , , , , , , , , , , , , , , , ,1,1,1
118.2,1029,Q,73.08796,27.0, , , , , , , , , , , , , , , , , , , , , , , ,1,1,1
118.3,246,Q,72.678056,28.0, , , , , , , , , , , , , , , , , , , , , , , ,1,1,1
119.1,402,Q,72.478444,28.0,1,1,1,1,1,1,1,1,1,1,1,1,1,1,1,1,1,1,1,1,1,1,1,1,1,1
120.1,909,Q,66.435512,34.0,1,1,1,1,1,1,1,1,1,1,1,1,1,1,1,1,1,1,1,1,1,1,1,1,1,1
121.1,773,Q,65.458366,35.0,1,1,1,1,1,1,1,1,1,1,1,1,1,1,1,1,1,1,1,1,1,1,1,1,1,1
122.1,252,Q,73.501439,27.0,1,1,1,1,1,1,1,1,1,1,1,1,1,1,1,1,1,1,1,1,1,1,1,1,1,1
123.1,389,Q,81.238643,19.0,1,1,1,1,1,1,1,1,1,1,1,1,1,1,1,1,1,1,1,1,1,1,1,1,1,1
124.1,939,Q,73.053675,27.0,1,1,1,1,1,1,1,1,1,1,1,1,1,1,1,1,1,1,1,1,1,1,1,1,1,1
125.1,294,Q,69.224621,31.0,1,1,1,1,1,1,1,1,1,1,1,1,1,1,1,1,1,1,1,1,1,1,1,1,1,1
126.1,606,Q,68.278604,32.0,1,1,1,1,1,1,1,1,1,1,1,1,1,1,1,1,1,1,1,1,1,1,1,1,1,1
127.1,28,Q,67.638232,33.0,1,1,1,1,1,1,1,1,1,1,1,1,1,1,1,1,1,1,1,1,1,1,1,1,1,1
128.1,415,Q,78.023622,22.0,1,1,1,1,1,1,1,1,1,1,1,1,1,1,1,1,1,1,1,1,1,1,1,1,1,1
129.1,797,Q,74.201237,26.0, , , , ,1,1,1,1,1,1,1,1,1,1,1,1,1,1,1,1,1,1,1,1,1,1
130.1,410,Q,67.026862,33.0,1,1,1,1,1,1,1,1,1,1,1,1,1,1,1,1,1,1,1,1,1,1,1,1,1,1
131.1,603,Q,77.063005,23.0,1,1,1,1,1,1,1,1,1,1,1,1,1,1,1,1,1,1,1,1,1,1,1,1,1,1
132.1,556,Q,69.086666,31.0,1,1,1,1,1,1,1,1,1,1,1,1,1,1,1,1,1,1,1,1,1,1,1,1,1,1
133.1,300,Q,65.577291,35.0,1,1,1,1,1,1,1,1,1,1,1,1,1,1,1,1,1,1,1,1,1,1,1,1,1,1
134.1,957,Q,82.14328,18.0,1,1,1,1,1,1,1,1,1,1,1,1,1,1,1,1,1,1,1,1,1,1,1,1,1,1
135.1,744,Q,66.407025,34.0, , , , , , , , , , , , , , , ,1,1,1,1,1,1,1,1,1,1,1
136.1,163,Q,69.040419,31.0,1,1,1,1,1,1,1,1,1,1,1,1,1,1,1,1,1,1,1,1,1,1,1,1,1,1
137.1,224,Q,67.137737,33.0,1,1,1,1,1,1,1,1,1,1,1,1,1,1,1,1,1,1,1,1,1,1,1,1,1,1
138.1,568,Q,72.858844,28.0,1,1,1,1,1,1,1,1,1,1,1,1,1,1,1,1,1,1,1,1,1,1,1,1,1,1
139.1,98,Q,78.662897,22.0,1,1,1,1,1,1,1,1,1,1,1,1,1,1,1,1,1,1,1,1,1,1,1,1,1,1
140.1,10,Q,65.825419,35.0,1,1,1,1,1,1,1,1,1,1,1,1,1,1,1,1,1,1,1,1,1,1,1,1,1,1
141.1,1060,Q,84.096671,16.0,1,1,1,1,1,1,1,1,1,1,1,1,1,1,1,1,1,1,1,1,1,1,1,1,1,1
142.1,1255,Q,72.79452,28.0, , ,1,1,1,1,1,1,1,1,1,1,1,1,1,1,1,1,1,1,1,1,1,1,1,1
143.1,1289,Q,68.208209,32.0,1,1,1,1,1,1,1,1,1,1,1,1,1,1,1,1,1,1,1,1,1,1,1,1,1,1
144.1,994,Q,71.733292,29.0,1,1,1,1,1,1,1,1,1,1,1,1,1,1,1,1,1,1,1,1,1,1,1,1,1,1
145.1,312,Q,67.548527,33.0,1,1,1,1,1,1,1,1,1,1,1,1,1,1,1,1,1,1,1,1,1,1,1,1,1,1
146.1,1278,Q,69.557189,31.0,1,1,1,1,1,1,1,1,1,1,1,1,1,1,1,1,1,1,1,1,1,1,1,1,1,1
147.1,1190,Q,65.265099,35.0,1,1,1,1,1,1,1,1,1,1,1,1,1,1,1,1,1,1,1,1,1,1,1,1,1,1
148.1,1005,Q,65.441347,35.0,1,1,1,1,1,1,1,1,1,1,1,1,1,1,1,1,1,1,1,1,1,1,1,1,1,1
149.1,488,Q,65.262156,35.0, , , , , , , , ,1,1,1,1,1,1,1,1,1,1,1,1,1,1,1,1,1,1
150.1,1161,Q,65.55679,35.0,1,1,1,1,1,1,1,1,1,1,1,1,1,1,1,1,1,1,1,1,1,1,1,1,1,1
151.1,446,Q,66.267108,34.0,1,1,1,1,1,1,1,1,1,1,1,1,1,1,1,1,1,1,1,1,1,1,1,1,1,1
152.1,583,Q,71.284894,29.0,1,1,1,1,1,1,1,1,1,1,1,1,1,1,1,1,1,1,1,1,1,1,1,1,1,1
152.2,76,Q,70.994284,30.0,1,1,1,1,1,1,1,1,1,1,1,1,1,1,1,1,1,1,1,1,1,1,1,1,1,1
153.1,382,Q,65.320476,35.0,1,1,1,1,1,1,1,1,1,1,1,1,1,1,1,1,1,1,1,1,1,1,1,1,1,1
154.1,151,Q,65.660619,35.0,1,1,1,1,1,1,1,1,1,1,1,1,1,1,1,1,1,1,1,1,1,1,1,1,1,1
155.1,761,Q,80.532263,20.0,1,1,1,1,1,1,1,1,1,1,1,1,1,1,1,1,1,1,1,1,1,1,1,1,1,1
156.1,1302,Q,69.200348,31.0, , , , , , ,1,1,1,1,1,1,1,1,1,1,1,1,1,1,1,1,1,1,1,1
157.1,359,Q,75.658482,25.0,1,1,1,1,1,1,1,1,1,1,1,1,1,1,1,1,1,1,1,1,1,1,1,1,1,1
158.1,572,Q,69.867712,31.0,1,1,1,1,1,1,1,1,1,1,1,1,1,1,1,1,1,1,1,1,1,1,1,1,1,1
159.1,30,Q,67.179145,33.0,1,1,1,1,1,1,1,1,1,1,1,1,1,1,1,1,1,1,1,1,1,1,1,1,1,1
160.1,162,Q,68.145446,32.0,1,1,1,1,1,1,1,1,1,1,1,1,1,1,1,1,1,1,1,1,1,1,1,1,1,1
161.1,1,Q,69.500225,31.0,1,1,1,1,1,1,1,1,1,1,1,1,1,1,1,1,1,1,1,1,1,1,1,1,1,1
162.1,313,Q,77.962991,23.0,1,1,1,1,1,1,1,1,1,1,1,1,1,1,1,1,1,1,1,1,1,1,1,1,1,1
163.1,872,Q,73.871884,27.0, , , , , , , , , , , , , , , ,1,1,1,1,1,1,1,1,1,1,1
163.2,147,Q,73.396126,27.0, , , , , , , , , , , , , , , ,1,1,1,1,1,1,1,1,1,1,1
163.3,1306,Q,70.352475,30.0, , , , , , , , , , , , , , , ,1,1,1,1,1,1,1,1,1,1,1
164.1,1182,Q,69.021803,31.0,1,1,1,1,1,1,1,1,1,1,1,1,1,1,1,1,1,1,1,1,1,1,1,1,1,1
165.1,435,Q,77.056232,23.0,1,1,1,1,1,1,1,1,1,1,1,1,1,1,1,1,1,1,1,1,1,1,1,1,1,1
165.2,1153,Q,85.525357,15.0,1,1,1,1,1,1,1,1,1,1,1,1,1,1,1,1,1,1,1,1,1,1,1,1,1,1
166.1,249,Q,78.470475,22.0,1,1,1,1,1,1,1,1,1,1,1,1,1,1,1,1,1,1,1,1,1,1,1,1,1,1
167.1,320,Q,65.535292,35.0,1,1,1,1,1,1,1,1,1,1,1,1,1,1,1,1,1,1,1,1,1,1,1,1,1,1
168.1,1178,Q,69.310246,31.0,1,1,1,1,1,1,1,1,1,1,1,1,1,1,1,1,1,1,1,1,1,1,1,1,1,1
169.1,102,Q,77.926728,23.0, , , , , , , , , , , , , , , , , , , ,1,1,1,1,1,1,1
170.1,1224,Q,66.436602,34.0, , , , , , , , , , , , , , , , , , ,1,1,1,1,1,1,1,1
171.1,46,Q,69.498783,31.0,1,1,1,1,1,1,1,1,1,1,1,1,1,1,1,1,1,1,1,1,1,1,1,1,1,1
172.1,876,Q,67.730669,33.0,1,1,1,1,1,1,1,1,1,1,1,1,1,1,1,1,1,1,1,1,1,1,1,1,1,1
173.1,265,Q,68.454743,32.0, , ,1,1,1,1,1,1,1,1,1,1,1,1,1,1,1,1,1,1,1,1,1,1,1,1
174.1,24,Q,70.490534,30.0,1,1,1,1,1,1,1,1,1,1,1,1,1,1,1,1,1,1,1,1,1,1,1,1,1,1
175.1,636,Q,66.784072,34.0, , , , , , , , , , ,1,1,1,1,1,1,1,1,1,1,1,1,1,1,1,1
176.1,880,Q,67.027623,33.0, , , , , , , , , , , , , , , , , , , , ,1,1,1,1,1,1
177.1,203,Q,67.308687,33.0,1,1,1,1,1,1,1,1,1,1,1,1,1,1,1,1,1,1,1,1,1,1,1,1,1,1
178.1,703,Q,66.95564,34.0,1,1,1,1,1,1,1,1,1,1,1,1,1,1,1,1,1,1,1,1,1,1,1,1,1,1
179.1,576,Q,68.159004,32.0,1,1,1,1,1,1,1,1,1,1,1,1,1,1,1,1,1,1,1,1,1,1,1,1,1,1
180.1,668,Q,65.889589,35.0,1,1,1,1,1,1,1,1,1,1,1,1,1,1,1,1,1,1,1,1,1,1,1,1,1,1
181.1,963,Q,69.775596,31.0,1,1,1,1,1,1,1,1,1,1,1,1,1,1,1,1,1,1,1,1,1,1,1,1,1,1
182.1,247,Q,75.132667,25.0,1,1,1,1,1,1,1,1,1,1,1,1,1,1,1,1,1,1,1,1,1,1,1,1,1,1
183.1,579,Q,72.368478,28.0, , , , , , , , , , , , , ,1,1,1,1,1,1,1,1,1,1,1,1,1
184.1,440,Q,71.813879,29.0,1,1,1,1,1,1,1,1,1,1,1,1,1,1,1,1,1,1,1,1,1,1,1,1,1,1
185.1,352,Q,71.587354,29.0,1,1,1,1,1,1,1,1,1,1,1,1,1,1,1,1,1,1,1,1,1,1,1,1,1,1
186.1,1113,Q,65.624293,35.0, , , , , , , , , , , , , , , , , , , , , , , , , ,1
187.1,19,Q,69.596111,31.0, , , , , , , , , , , , , , , , , , , , , , , ,1,1,1
188.1,774,Q,76.070796,24.0,1,1,1,1,1,1,1,1,1,1,1,1,1,1,1,1,1,1,1,1,1,1,1,1,1,1
189.1,1151,Q,66.061052,34.0,1,1,1,1,1,1,1,1,1,1,1,1,1,1,1,1,1,1,1,1,1,1,1,1,1,1
190.1,654,Q,67.18242,33.0, , , , , , , , , ,1,1,1,1,1,1,1,1,1,1,1,1,1,1,1,1,1
191.1,519,Q,66.551207,34.0,1,1,1,1,1,1,1,1,1,1,1,1,1,1,1,1,1,1,1,1,1,1,1,1,1,1
192.1,451,Q,70.18059,30.0,1,1,1,1,1,1,1,1,1,1,1,1,1,1,1,1,1,1,1,1,1,1,1,1,1,1
192.2,941,Q,68.638906,32.0,1,1,1,1,1,1,1,1,1,1,1,1,1,1,1,1,1,1,1,1,1,1,1,1,1,1
194.1,1031,Q,70.921357,30.0,1,1,1,1,1,1,1,1,1,1,1,1,1,1,1,1,1,1,1,1,1,1,1,1,1,1
194.2,560,Q,71.038895,29.0,1,1,1,1,1,1,1,1,1,1,1,1,1,1,1,1,1,1,1,1,1,1,1,1,1,1
195.1,23,Q,66.537185,34.0,1,1,1,1,1,1,1,1,1,1,1,1,1,1,1,1,1,1,1,1,1,1,1,1,1,1
196.1,427,Q,69.137073,31.0, , , , , , , , , , , , , , , , , , , ,1,1,1,1,1,1,1
197.1,1213,Q,65.926622,35.0,1,1,1,1,1,1,1,1,1,1,1,1,1,1,1,1,1,1,1,1,1,1,1,1,1,1
198.1,1072,Q,68.270719,32.0, , , , , , , , , , , , , ,1,1,1,1,1,1,1,1,1,1,1,1,1
199.1,991,Q,84.561794,16.0,1,1,1,1,1,1,1,1,1,1,1,1,1,1,1,1,1,1,1,1,1,1,1,1,1,1
200.1,552,Q,66.072956,34.0,1,1,1,1,1,1,1,1,1,1,1,1,1,1,1,1,1,1,1,1,1,1,1,1,1,1
201.1,96,Q,72.421536,28.0,1,1,1,1,1,1,1,1,1,1,1,1,1,1,1,1,1,1,1,1,1,1,1,1,1,1
202.1,731,Q,72.288331,28.0,1,1,1,1,1,1,1,1,1,1,1,1,1,1,1,1,1,1,1,1,1,1,1,1,1,1
203.1,449,Q,78.193596,22.0,1,1,1,1,1,1,1,1,1,1,1,1,1,1,1,1,1,1,1,1,1,1,1,1,1,1
204.1,1123,Q,79.411231,21.0,1,1,1,1,1,1,1,1,1,1,1,1,1,1,1,1,1,1,1,1,1,1,1,1,1,1
205.1,332,Q,76.270839,24.0,1,1,1,1,1,1,1,1,1,1,1,1,1,1,1,1,1,1,1,1,1,1,1,1,1,1
206.1,1202,Q,67.657016,33.0,1,1,1,1,1,1,1,1,1,1,1,1,1,1,1,1,1,1,1,1,1,1,1,1,1,1
207.1,186,Q,67.681798,33.0,1,1,1,1,1,1,1,1,1,1,1,1,1,1,1,1,1,1,1,1,1,1,1,1,1,1
207.2,1019,Q,66.354892,34.0,1,1,1,1,1,1,1,1,1,1,1,1,1,1,1,1,1,1,1,1,1,1,1,1,1,1
208.1,1044,Q,65.88,35.0,1,1,1,1,1,1,1,1,1,1,1,1,1,1,1,1,1,1,1,1,1,1,1,1,1,1
208.2,154,Q,67.2672,33.0,1,1,1,1,1,1,1,1,1,1,1,1,1,1,1,1,1,1,1,1,1,1,1,1,1,1
208.3,278,Q,65.441282,35.0,1,1,1,1,1,1,1,1,1,1,1,1,1,1,1,1,1,1,1,1,1,1,1,1,1,1
209.1,366,Q,66.508455,34.0,1,1,1,1,1,1,1,1,1,1,1,1,1,1,1,1,1,1,1,1,1,1,1,1,1,1
210.1,1092,Q,72.521186,28.0, , , , , , , , , , , , ,1,1,1,1,1,1,1,1,1,1,1,1,1,1
211.1,577,Q,68.576268,32.0, , , , , , , , , , , , , , , , , , , , , ,1,1,1,1,1
211.2,550,Q,70.32377,30.0, , , , , , , , , , , , , , , , , , , , , ,1,1,1,1,1
211.3,590,Q,68.452753,32.0, , , , , , , , , , , , , , , , , , , , , ,1,1,1,1,1
212.1,1076,Q,66.435627,34.0,1,1,1,1,1,1,1,1,1,1,1,1,1,1,1,1,1,1,1,1,1,1,1,1,1,1
213.1,955,Q,66.448667,34.0, ,1,1,1,1,1,1,1,1,1,1,1,1,1,1,1,1,1,1,1,1,1,1,1,1,1
214.1,708,Q,70.153459,30.0,1,1,1,1,1,1,1,1,1,1,1,1,1,1,1,1,1,1,1,1,1,1,1,1,1,1
215.1,90,Q,79.569489,21.0,1,1,1,1,1,1,1,1,1,1,1,1,1,1,1,1,1,1,1,1,1,1,1,1,1,1
216.1,1132,Q,87.419721,13.0,1,1,1,1,1,1,1,1,1,1,1,1,1,1,1,1,1,1,1,1,1,1,1,1,1,1
217.1,373,Q,66.33237,34.0, , , , , , , , , , , , , , , ,1,1,1,1,1,1,1,1,1,1,1
218.1,580,Q,77.396888,23.0,1,1,1,1,1,1,1,1,1,1,1,1,1,1,1,1,1,1,1,1,1,1,1,1,1,1
219.1,786,Q,68.813315,32.0,1,1,1,1,1,1,1,1,1,1,1,1,1,1,1,1,1,1,1,1,1,1,1,1,1,1
220.1,917,Q,81.299499,19.0,1,1,1,1,1,1,1,1,1,1,1,1,1,1,1,1,1,1,1,1,1,1,1,1,1,1
221.1,88,Q,65.850026,35.0, , , , , , , , , , , , , , , , , , , , ,1,1,1,1,1,1
222.1,612,Q,65.957661,35.0,1,1,1,1,1,1,1,1,1,1,1,1,1,1,1,1,1,1,1,1,1,1,1,1,1,1
223.1,1261,Q,71.975378,29.0,1,1,1,1,1,1,1,1,1,1,1,1,1,1,1,1,1,1,1,1,1,1,1,1,1,1
224.1,22,Q,66.21005,34.0,1,1,1,1,1,1,1,1,1,1,1,1,1,1,1,1,1,1,1,1,1,1,1,1,1,1
226.1,1018,T,63.662945,356.0,0,1,1,1,1,1,1,1,1,1,1,1,1,1,1,1,1,1,1,1,1,1,1,1,1,1
227.1,585,Q,73.718744,27.0,1,1,1,1,1,1,1,1,1,1,1,1,1,1,1,1,1,1,1,1,1,1,1,1,1,1
228.1,618,Q,67.131358,33.0,1,1,1,1,1,1,1,1,1,1,1,1,1,1,1,1,1,1,1,1,1,1,1,1,1,1
229.1,808,Q,83.378061,17.0,1,1,1,1,1,1,1,1,1,1,1,1,1,1,1,1,1,1,1,1,1,1,1,1,1,1
229.2,1297,Q,75.297261,25.0,1,1,1,1,1,1,1,1,1,1,1,1,1,1,1,1,1,1,1,1,1,1,1,1,1,1
230.1,628,Q,70.181818,30.0, , , , , , , , , , , , , , , , , , , , , , , ,1,1,1
231.1,801,Q,74.017834,26.0,1,1,1,1,1,1,1,1,1,1,1,1,1,1,1,1,1,1,1,1,1,1,1,1,1,1
232.1,1273,Q,70.474307,30.0,1,1,1,1,1,1,1,1,1,1,1,1,1,1,1,1,1,1,1,1,1,1,1,1,1,1
233.1,1211,Q,66.070173,34.0,1,1,1,1,1,1,1,1,1,1,1,1,1,1,1,1,1,1,1,1,1,1,1,1,1,1
234.1,895,Q,79.963056,21.0,1,1,1,1,1,1,1,1,1,1,1,1,1,1,1,1,1,1,1,1,1,1,1,1,1,1
235.1,890,Q,67.932096,33.0,1,1,1,1,1,1,1,1,1,1,1,1,1,1,1,1,1,1,1,1,1,1,1,1,1,1
236.1,1170,Q,66.022855,34.0,1,1,1,1,1,1,1,1,1,1,1,1,1,1,1,1,1,1,1,1,1,1,1,1,1,1
237.1,898,Q,76.03955,24.0,1,1,1,1,1,1,1,1,1,1,1,1,1,1,1,1,1,1,1,1,1,1,1,1,1,1
237.2,1086,Q,72.116773,28.0,1,1,1,1,1,1,1,1,1,1,1,1,1,1,1,1,1,1,1,1,1,1,1,1,1,1
238.1,1054,Q,65.436594,35.0,1,1,1,1,1,1,1,1,1,1,1,1,1,1,1,1,1,1,1,1,1,1,1,1,1,1
239.1,587,Q,70.252357,30.0,1,1,1,1,1,1,1,1,1,1,1,1,1,1,1,1,1,1,1,1,1,1,1,1,1,1
239.2,281,Q,72.011516,28.0,1,1,1,1,1,1,1,1,1,1,1,1,1,1,1,1,1,1,1,1,1,1,1,1,1,1
240.1,990,Q,72.283761,28.0,1,1,1,1,1,1,1,1,1,1,1,1,1,1,1,1,1,1,1,1,1,1,1,1,1,1
241.1,1142,Q,77.562711,23.0,1,1,1,1,1,1,1,1,1,1,1,1,1,1,1,1,1,1,1,1,1,1,1,1,1,1
242.1,1307,Q,70.45653,30.0,1,1,1,1,1,1,1,1,1,1,1,1,1,1,1,1,1,1,1,1,1,1,1,1,1,1
243.1,97,Q,66.641576,34.0,1,1,1,1,1,1,1,1,1,1,1,1,1,1,1,1,1,1,1,1,1,1,1,1,1,1
244.1,717,Q,71.710589,29.0,1,1,1,1,1,1,1,1,1,1,1,1,1,1,1,1,1,1,1,1,1,1,1,1,1,1
244.2,1075,Q,71.021372,29.0,1,1,1,1,1,1,1,1,1,1,1,1,1,1,1,1,1,1,1,1,1,1,1,1,1,1
244.3,1016,Q,70.19476,30.0,1,1,1,1,1,1,1,1,1,1,1,1,1,1,1,1,1,1,1,1,1,1,1,1,1,1
245.1,1226,Q,70.535139,30.0,1,1,1,1,1,1,1,1,1,1,1,1,1,1,1,1,1,1,1,1,1,1,1,1,1,1
246.1,1127,Q,67.233568,33.0,1,1,1,1,1,1,1,1,1,1,1,1,1,1,1,1,1,1,1,1,1,1,1,1,1,1
247.1,1203,Q,66.146115,34.0,1,1,1,1,1,1,1,1,1,1,1,1,1,1,1,1,1,1,1,1,1,1,1,1,1,1
248.1,1162,Q,66.232878,34.0,1,1,1,1,1,1,1,1,1,1,1,1,1,1,1,1,1,1,1,1,1,1,1,1,1,1
249.1,1046,Q,75.772599,25.0,1,1,1,1,1,1,1,1,1,1,1,1,1,1,1,1,1,1,1,1,1,1,1,1,1,1
250.1,494,Q,68.185316,32.0,1,1,1,1,1,1,1,1,1,1,1,1,1,1,1,1,1,1,1,1,1,1,1,1,1,1
251.1,626,Q,67.308673,33.0,1,1,1,1,1,1,1,1,1,1,1,1,1,1,1,1,1,1,1,1,1,1,1,1,1,1
252.1,824,Q,65.848281,35.0,1,1,1,1,1,1,1,1,1,1,1,1,1,1,1,1,1,1,1,1,1,1,1,1,1,1
253.1,644,Q,72.220174,28.0,1,1,1,1,1,1,1,1,1,1,1,1,1,1,1,1,1,1,1,1,1,1,1,1,1,1
254.1,1073,Q,67.675855,33.0,1,1,1,1,1,1,1,1,1,1,1,1,1,1,1,1,1,1,1,1,1,1,1,1,1,1
255.1,635,Q,67.008647,33.0,1,1,1,1,1,1,1,1,1,1,1,1,1,1,1,1,1,1,1,1,1,1,1,1,1,1
256.1,1189,Q,70.877682,30.0,1,1,1,1,1,1,1,1,1,1,1,1,1,1,1,1,1,1,1,1,1,1,1,1,1,1
257.1,413,Q,70.003579,30.0, , , , , , , , , , , , , , , , , , ,1,1,1,1,1,1,1,1
258.1,667,Q,74.629493,26.0,1,1,1,1,1,1,1,1,1,1,1,1,1,1,1,1,1,1,1,1,1,1,1,1,1,1
259.1,534,Q,66.404811,34.0,1,1,1,1,1,1,1,1,1,1,1,1,1,1,1,1,1,1,1,1,1,1,1,1,1,1
260.1,816,Q,80.210496,20.0, ,1,1,1,1,1,1,1,1,1,1,1,1,1,1,1,1,1,1,1,1,1,1,1,1,1
261.1,953,Q,66.663112,34.0,1,1,1,1,1,1,1,1,1,1,1,1,1,1,1,1,1,1,1,1,1,1,1,1,1,1
261.2,202,Q,70.416073,30.0,1,1,1,1,1,1,1,1,1,1,1,1,1,1,1,1,1,1,1,1,1,1,1,1,1,1
261.3,1249,Q,72.296612,28.0,1,1,1,1,1,1,1,1,1,1,1,1,1,1,1,1,1,1,1,1,1,1,1,1,1,1
263.1,16,Q,65.798039,35.0,1,1,1,1,1,1,1,1,1,1,1,1,1,1,1,1,1,1,1,1,1,1,1,1,1,1
264.1,922,Q,69.850812,31.0, , , , , , , , , , , , , , , , , , , , , , , , , ,1
265.1,1139,Q,73.231665,27.0,1,1,1,1,1,1,1,1,1,1,1,1,1,1,1,1,1,1,1,1,1,1,1,1,1,1
266.1,192,Q,66.160873,34.0,1,1,1,1,1,1,1,1,1,1,1,1,1,1,1,1,1,1,1,1,1,1,1,1,1,1
267.1,301,Q,72.897652,28.0, , , , , ,1,1,1,1,1,1,1,1,1,1,1,1,1,1,1,1,1,1,1,1,1
268.1,1090,Q,65.664113,35.0,1,1,1,1,1,1,1,1,1,1,1,1,1,1,1,1,1,1,1,1,1,1,1,1,1,1
270.1,658,Q,76.98826,24.0,1,1,1,1,1,1,1,1,1,1,1,1,1,1,1,1,1,1,1,1,1,1,1,1,1,1
271.1,863,Q,66.33427,34.0,1,1,1,1,1,1,1,1,1,1,1,1,1,1,1,1,1,1,1,1,1,1,1,1,1,1
272.1,1205,Q,73.626883,27.0,1,1,1,1,1,1,1,1,1,1,1,1,1,1,1,1,1,1,1,1,1,1,1,1,1,1
273.1,462,Q,66.206493,34.0,1,1,1,1,1,1,1,1,1,1,1,1,1,1,1,1,1,1,1,1,1,1,1,1,1,1
274.1,927,Q,70.091114,30.0,1,1,1,1,1,1,1,1,1,1,1,1,1,1,1,1,1,1,1,1,1,1,1,1,1,1
275.1,164,Q,76.024564,24.0,1,1,1,1,1,1,1,1,1,1,1,1,1,1,1,1,1,1,1,1,1,1,1,1,1,1
276.1,354,Q,70.078721,30.0,1,1,1,1,1,1,1,1,1,1,1,1,1,1,1,1,1,1,1,1,1,1,1,1,1,1
277.1,877,Q,67.723913,33.0,1,1,1,1,1,1,1,1,1,1,1,1,1,1,1,1,1,1,1,1,1,1,1,1,1,1
278.1,858,Q,67.263387,33.0,1,1,1,1,1,1,1,1,1,1,1,1,1,1,1,1,1,1,1,1,1,1,1,1,1,1
279.1,409,Q,65.801997,35.0,1,1,1,1,1,1,1,1,1,1,1,1,1,1,1,1,1,1,1,1,1,1,1,1,1,1
280.1,795,Q,69.305504,31.0,1,1,1,1,1,1,1,1,1,1,1,1,1,1,1,1,1,1,1,1,1,1,1,1,1,1
280.2,820,Q,67.267494,33.0,1,1,1,1,1,1,1,1,1,1,1,1,1,1,1,1,1,1,1,1,1,1,1,1,1,1
280.3,529,Q,68.06061,32.0,1,1,1,1,1,1,1,1,1,1,1,1,1,1,1,1,1,1,1,1,1,1,1,1,1,1
281.1,1152,Q,80.348303,20.0,1,1,1,1,1,1,1,1,1,1,1,1,1,1,1,1,1,1,1,1,1,1,1,1,1,1
282.1,698,Q,65.266747,35.0,1,1,1,1,1,1,1,1,1,1,1,1,1,1,1,1,1,1,1,1,1,1,1,1,1,1
283.1,228,Q,70.501766,30.0,1,1,1,1,1,1,1,1,1,1,1,1,1,1,1,1,1,1,1,1,1,1,1,1,1,1
284.1,608,T,62.969461,755.0,0,0,0,1,1,1,1,1,1,1,1,1,1,1,1,1,1,1,1,1,1,1,1,1,1,1
285.1,443,Q,68.842734,32.0,1,1,1,1,1,1,1,1,1,1,1,1,1,1,1,1,1,1,1,1,1,1,1,1,1,1
286.1,954,Q,67.72197,33.0,1,1,1,1,1,1,1,1,1,1,1,1,1,1,1,1,1,1,1,1,1,1,1,1,1,1
286.2,592,Q,75.041493,25.0,1,1,1,1,1,1,1,1,1,1,1,1,1,1,1,1,1,1,1,1,1,1,1,1,1,1
287.1,1256,Q,78.325014,22.0,1,1,1,1,1,1,1,1,1,1,1,1,1,1,1,1,1,1,1,1,1,1,1,1,1,1
288.1,549,Q,66.01284,34.0,1,1,1,1,1,1,1,1,1,1,1,1,1,1,1,1,1,1,1,1,1,1,1,1,1,1
289.1,41,Q,68.0971,32.0,1,1,1,1,1,1,1,1,1,1,1,1,1,1,1,1,1,1,1,1,1,1,1,1,1,1
290.1,369,Q,86.676066,14.0,1,1,1,1,1,1,1,1,1,1,1,1,1,1,1,1,1,1,1,1,1,1,1,1,1,1
290.2,472,Q,85.970581,15.0,1,1,1,1,1,1,1,1,1,1,1,1,1,1,1,1,1,1,1,1,1,1,1,1,1,1
291.1,1106,Q,66.163485,34.0,1,1,1,1,1,1,1,1,1,1,1,1,1,1,1,1,1,1,1,1,1,1,1,1,1,1
292.1,666,Q,68.808677,32.0,1,1,1,1,1,1,1,1,1,1,1,1,1,1,1,1,1,1,1,1,1,1,1,1,1,1
293.1,992,Q,69.508281,31.0,1,1,1,1,1,1,1,1,1,1,1,1,1,1,1,1,1,1,1,1,1,1,1,1,1,1
294.1,201,Q,74.748907,26.0,1,1,1,1,1,1,1,1,1,1,1,1,1,1,1,1,1,1,1,1,1,1,1,1,1,1
295.1,839,Q,70.30038,30.0,1,1,1,1,1,1,1,1,1,1,1,1,1,1,1,1,1,1,1,1,1,1,1,1,1,1
296.1,491,Q,66.281523,34.0,1,1,1,1,1,1,1,1,1,1,1,1,1,1,1,1,1,1,1,1,1,1,1,1,1,1
297.1,914,Q,66.629747,34.0,1,1,1,1,1,1,1,1,1,1,1,1,1,1,1,1,1,1,1,1,1,1,1,1,1,1
298.1,916,Q,67.541896,33.0,1,1,1,1,1,1,1,1,1,1,1,1,1,1,1,1,1,1,1,1,1,1,1,1,1,1
299.1,673,Q,74.433654,26.0,1,1,1,1,1,1,1,1,1,1,1,1,1,1,1,1,1,1,1,1,1,1,1,1,1,1
300.1,825,Q,72.130407,28.0,1,1,1,1,1,1,1,1,1,1,1,1,1,1,1,1,1,1,1,1,1,1,1,1,1,1
301.1,613,Q,68.044964,32.0,1,1,1,1,1,1,1,1,1,1,1,1,1,1,1,1,1,1,1,1,1,1,1,1,1,1
302.1,923,Q,71.302995,29.0,1,1,1,1,1,1,1,1,1,1,1,1,1,1,1,1,1,1,1,1,1,1,1,1,1,1
303.1,754,Q,70.41115,30.0,1,1,1,1,1,1,1,1,1,1,1,1,1,1,1,1,1,1,1,1,1,1,1,1,1,1
304.1,1045,Q,69.238519,31.0,1,1,1,1,1,1,1,1,1,1,1,1,1,1,1,1,1,1,1,1,1,1,1,1,1,1
305.1,817,Q,65.70582,35.0,1,1,1,1,1,1,1,1,1,1,1,1,1,1,1,1,1,1,1,1,1,1,1,1,1,1
306.1,1290,Q,72.650433,28.0,1,1,1,1,1,1,1,1,1,1,1,1,1,1,1,1,1,1,1,1,1,1,1,1,1,1
307.1,434,Q,80.470456,20.0,1,1,1,1,1,1,1,1,1,1,1,1,1,1,1,1,1,1,1,1,1,1,1,1,1,1
308.1,286,Q,66.993655,34.0,1,1,1,1,1,1,1,1,1,1,1,1,1,1,1,1,1,1,1,1,1,1,1,1,1,1
309.1,677,Q,72.474977,28.0,1,1,1,1,1,1,1,1,1,1,1,1,1,1,1,1,1,1,1,1,1,1,1,1,1,1
310.1,167,Q,65.582046,35.0,1,1,1,1,1,1,1,1,1,1,1,1,1,1,1,1,1,1,1,1,1,1,1,1,1,1
311.1,986,Q,78.821123,22.0,1,1,1,1,1,1,1,1,1,1,1,1,1,1,1,1,1,1,1,1,1,1,1,1,1,1
312.1,1050,Q,66.356603,34.0,1,1,1,1,1,1,1,1,1,1,1,1,1,1,1,1,1,1,1,1,1,1,1,1,1,1
313.1,371,Q,76.647803,24.0,1,1,1,1,1,1,1,1,1,1,1,1,1,1,1,1,1,1,1,1,1,1,1,1,1,1
314.1,959,Q,74.362604,26.0, , , , , , , , , , , , , , , , , , , , ,1,1,1,1,1,1
315.1,205,Q,67.516266,33.0,1,1,1,1,1,1,1,1,1,1,1,1,1,1,1,1,1,1,1,1,1,1,1,1,1,1
316.1,965,T,63.360534,882.0,0,0,0,1,1,1,1,1,1,1,1,1,1,1,1,1,1,1,1,1,1,1,1,1,1,1
317.1,868,Q,65.845742,35.0,1,1,1,1,1,1,1,1,1,1,1,1,1,1,1,1,1,1,1,1,1,1,1,1,1,1
318.1,867,Q,77.175078,23.0,1,1,1,1,1,1,1,1,1,1,1,1,1,1,1,1,1,1,1,1,1,1,1,1,1,1
319.1,33,Q,68.227918,32.0,1,1,1,1,1,1,1,1,1,1,1,1,1,1,1,1,1,1,1,1,1,1,1,1,1,1
320.1,952,Q,65.669137,35.0,1,1,1,1,1,1,1,1,1,1,1,1,1,1,1,1,1,1,1,1,1,1,1,1,1,1
321.1,685,Q,65.520722,35.0,1,1,1,1,1,1,1,1,1,1,1,1,1,1,1,1,1,1,1,1,1,1,1,1,1,1
322.1,1216,Q,72.978859,28.0,1,1,1,1,1,1,1,1,1,1,1,1,1,1,1,1,1,1,1,1,1,1,1,1,1,1
322.2,292,Q,70.673478,30.0,1,1,1,1,1,1,1,1,1,1,1,1,1,1,1,1,1,1,1,1,1,1,1,1,1,1
323.1,522,Q,66.200385,34.0,1,1,1,1,1,1,1,1,1,1,1,1,1,1,1,1,1,1,1,1,1,1,1,1,1,1
324.1,325,Q,72.438585,28.0,1,1,1,1,1,1,1,1,1,1,1,1,1,1,1,1,1,1,1,1,1,1,1,1,1,1
325.1,241,Q,67.953792,33.0,1,1,1,1,1,1,1,1,1,1,1,1,1,1,1,1,1,1,1,1,1,1,1,1,1,1
326.1,208,Q,67.187573,33.0,1,1,1,1,1,1,1,1,1,1,1,1,1,1,1,1,1,1,1,1,1,1,1,1,1,1
326.2,89,Q,67.047814,33.0,1,1,1,1,1,1,1,1,1,1,1,1,1,1,1,1,1,1,1,1,1,1,1,1,1,1
327.1,374,Q,65.984608,35.0,1,1,1,1,1,1,1,1,1,1,1,1,1,1,1,1,1,1,1,1,1,1,1,1,1,1
328.1,639,Q,65.668279,35.0,1,1,1,1,1,1,1,1,1,1,1,1,1,1,1,1,1,1,1,1,1,1,1,1,1,1
329.1,233,Q,66.317716,34.0,1,1,1,1,1,1,1,1,1,1,1,1,1,1,1,1,1,1,1,1,1,1,1,1,1,1
330.1,589,Q,77.274005,23.0,1,1,1,1,1,1,1,1,1,1,1,1,1,1,1,1,1,1,1,1,1,1,1,1,1,1
331.1,609,Q,65.957971,35.0,1,1,1,1,1,1,1,1,1,1,1,1,1,1,1,1,1,1,1,1,1,1,1,1,1,1
332.1,444,Q,66.361864,34.0,1,1,1,1,1,1,1,1,1,1,1,1,1,1,1,1,1,1,1,1,1,1,1,1,1,1
333.1,1087,Q,71.473739,29.0,1,1,1,1,1,1,1,1,1,1,1,1,1,1,1,1,1,1,1,1,1,1,1,1,1,1
334.1,1107,Q,69.82074,31.0, , , , , , , , , , , ,1,1,1,1,1,1,1,1,1,1,1,1,1,1,1
335.1,42,Q,70.016873,30.0,1,1,1,1,1,1,1,1,1,1,1,1,1,1,1,1,1,1,1,1,1,1,1,1,1,1
336.1,1248,Q,77.367785,23.0,1,1,1,1,1,1,1,1,1,1,1,1,1,1,1,1,1,1,1,1,1,1,1,1,1,1
337.1,169,Q,65.429203,35.0,1,1,1,1,1,1,1,1,1,1,1,1,1,1,1,1,1,1,1,1,1,1,1,1,1,1
338.1,1039,Q,71.428149,29.0,1,1,1,1,1,1,1,1,1,1,1,1,1,1,1,1,1,1,1,1,1,1,1,1,1,1
339.1,483,Q,80.121818,20.0,1,1,1,1,1,1,1,1,1,1,1,1,1,1,1,1,1,1,1,1,1,1,1,1,1,1
340.1,1275,Q,72.050053,28.0,1,1,1,1,1,1,1,1,1,1,1,1,1,1,1,1,1,1,1,1,1,1,1,1,1,1
341.1,718,Q,84.05321,16.0,1,1,1,1,1,1,1,1,1,1,1,1,1,1,1,1,1,1,1,1,1,1,1,1,1,1
342.1,1280,Q,67.981591,33.0,1,1,1,1,1,1,1,1,1,1,1,1,1,1,1,1,1,1,1,1,1,1,1,1,1,1
343.1,115,Q,66.057576,34.0,1,1,1,1,1,1,1,1,1,1,1,1,1,1,1,1,1,1,1,1,1,1,1,1,1,1
344.1,930,Q,70.214921,30.0,1,1,1,1,1,1,1,1,1,1,1,1,1,1,1,1,1,1,1,1,1,1,1,1,1,1
345.1,882,Q,70.30781,30.0,1,1,1,1,1,1,1,1,1,1,1,1,1,1,1,1,1,1,1,1,1,1,1,1,1,1
346.1,693,Q,67.152036,33.0,1,1,1,1,1,1,1,1,1,1,1,1,1,1,1,1,1,1,1,1,1,1,1,1,1,1
348.1,767,Q,77.220055,23.0,1,1,1,1,1,1,1,1,1,1,1,1,1,1,1,1,1,1,1,1,1,1,1,1,1,1
349.1,1282,Q,67.802226,33.0, , , , , , , , ,1,1,1,1,1,1,1,1,1,1,1,1,1,1,1,1,1,1
350.1,611,Q,74.180969,26.0,1,1,1,1,1,1,1,1,1,1,1,1,1,1,1,1,1,1,1,1,1,1,1,1,1,1
351.1,1012,Q,71.109128,29.0,1,1,1,1,1,1,1,1,1,1,1,1,1,1,1,1,1,1,1,1,1,1,1,1,1,1
352.1,18,Q,72.020407,28.0,1,1,1,1,1,1,1,1,1,1,1,1,1,1,1,1,1,1,1,1,1,1,1,1,1,1
353.1,450,Q,78.007156,22.0,1,1,1,1,1,1,1,1,1,1,1,1,1,1,1,1,1,1,1,1,1,1,1,1,1,1
354.1,942,Q,70.784132,30.0,1,1,1,1,1,1,1,1,1,1,1,1,1,1,1,1,1,1,1,1,1,1,1,1,1,1
355.1,375,Q,70.173945,30.0,1,1,1,1,1,1,1,1,1,1,1,1,1,1,1,1,1,1,1,1,1,1,1,1,1,1
356.1,1166,Q,65.254915,35.0,1,1,1,1,1,1,1,1,1,1,1,1,1,1,1,1,1,1,1,1,1,1,1,1,1,1
357.1,844,Q,70.447037,30.0, , ,1,1,1,1,1,1,1,1,1,1,1,1,1,1,1,1,1,1,1,1,1,1,1,1
358.1,215,Q,70.524076,30.0,1,1,1,1,1,1,1,1,1,1,1,1,1,1,1,1,1,1,1,1,1,1,1,1,1,1
359.1,1036,Q,70.508729,30.0, , , , , , , , , , , , , ,1,1,1,1,1,1,1,1,1,1,1,1,1
359.2,1114,Q,65.231128,35.0, , , , , , , , , , , , , ,1,1,1,1,1,1,1,1,1,1,1,1,1
359.3,1206,Q,68.472241,32.0, , , , , , , , , , , , , ,1,1,1,1,1,1,1,1,1,1,1,1,1
360.1,793,Q,67.913077,33.0,1,1,1,1,1,1,1,1,1,1,1,1,1,1,1,1,1,1,1,1,1,1,1,1,1,1
361.1,1094,Q,65.379276,35.0,1,1,1,1,1,1,1,1,1,1,1,1,1,1,1,1,1,1,1,1,1,1,1,1,1,1
362.1,262,Q,72.891698,28.0,1,1,1,1,1,1,1,1,1,1,1,1,1,1,1,1,1,1,1,1,1,1,1,1,1,1
363.1,715,Q,75.691262,25.0, , , , , , , , , , , , , , ,1,1,1,1,1,1,1,1,1,1,1,1
364.1,886,Q,76.399608,24.0, , , , , , , , , , , , , , , , , ,1,1,1,1,1,1,1,1,1
365.1,234,Q,70.406701,30.0, ,1,1,1,1,1,1,1,1,1,1,1,1,1,1,1,1,1,1,1,1,1,1,1,1,1
365.2,772,Q,67.153756,33.0, ,1,1,1,1,1,1,1,1,1,1,1,1,1,1,1,1,1,1,1,1,1,1,1,1,1
365.3,25,Q,69.911771,31.0, ,1,1,1,1,1,1,1,1,1,1,1,1,1,1,1,1,1,1,1,1,1,1,1,1,1
366.1,1058,Q,76.309043,24.0,1,1,1,1,1,1,1,1,1,1,1,1,1,1,1,1,1,1,1,1,1,1,1,1,1,1
367.1,602,Q,65.717034,35.0, , , , , , , , ,1,1,1,1,1,1,1,1,1,1,1,1,1,1,1,1,1,1
367.2,910,Q,78.720935,22.0, , , , , , , , ,1,1,1,1,1,1,1,1,1,1,1,1,1,1,1,1,1,1
368.1,1154,Q,73.644453,27.0,1,1,1,1,1,1,1,1,1,1,1,1,1,1,1,1,1,1,1,1,1,1,1,1,1,1
369.1,1199,Q,74.66181,26.0,1,1,1,1,1,1,1,1,1,1,1,1,1,1,1,1,1,1,1,1,1,1,1,1,1,1
370.1,61,Q,72.333721,28.0,1,1,1,1,1,1,1,1,1,1,1,1,1,1,1,1,1,1,1,1,1,1,1,1,1,1
371.1,1197,Q,75.013526,25.0,1,1,1,1,1,1,1,1,1,1,1,1,1,1,1,1,1,1,1,1,1,1,1,1,1,1
372.1,1240,Q,74.708576,26.0,1,1,1,1,1,1,1,1,1,1,1,1,1,1,1,1,1,1,1,1,1,1,1,1,1,1
373.1,291,Q,71.688883,29.0,1,1,1,1,1,1,1,1,1,1,1,1,1,1,1,1,1,1,1,1,1,1,1,1,1,1
374.1,338,Q,75.53706,25.0,1,1,1,1,1,1,1,1,1,1,1,1,1,1,1,1,1,1,1,1,1,1,1,1,1,1
375.1,799,Q,65.90548,35.0,1,1,1,1,1,1,1,1,1,1,1,1,1,1,1,1,1,1,1,1,1,1,1,1,1,1
376.1,124,Q,67.243206,33.0,1,1,1,1,1,1,1,1,1,1,1,1,1,1,1,1,1,1,1,1,1,1,1,1,1,1
377.1,179,Q,65.744666,35.0,1,1,1,1,1,1,1,1,1,1,1,1,1,1,1,1,1,1,1,1,1,1,1,1,1,1
378.1,1009,Q,81.086892,19.0,1,1,1,1,1,1,1,1,1,1,1,1,1,1,1,1,1,1,1,1,1,1,1,1,1,1
379.1,1133,Q,72.329799,28.0, , , ,1,1,1,1,1,1,1,1,1,1,1,1,1,1,1,1,1,1,1,1,1,1,1
380.1,962,Q,72.368302,28.0,1,1,1,1,1,1,1,1,1,1,1,1,1,1,1,1,1,1,1,1,1,1,1,1,1,1
380.2,805,Q,71.686105,29.0,1,1,1,1,1,1,1,1,1,1,1,1,1,1,1,1,1,1,1,1,1,1,1,1,1,1
380.3,412,Q,67.63668,33.0,1,1,1,1,1,1,1,1,1,1,1,1,1,1,1,1,1,1,1,1,1,1,1,1,1,1
381.1,840,Q,65.731799,35.0,1,1,1,1,1,1,1,1,1,1,1,1,1,1,1,1,1,1,1,1,1,1,1,1,1,1
383.1,944,Q,70.394549,30.0,1,1,1,1,1,1,1,1,1,1,1,1,1,1,1,1,1,1,1,1,1,1,1,1,1,1
384.1,755,Q,65.655973,35.0, , ,1,1,1,1,1,1,1,1,1,1,1,1,1,1,1,1,1,1,1,1,1,1,1,1
385.1,1013,Q,70.010371,30.0,1,1,1,1,1,1,1,1,1,1,1,1,1,1,1,1,1,1,1,1,1,1,1,1,1,1
386.1,496,Q,70.073731,30.0,1,1,1,1,1,1,1,1,1,1,1,1,1,1,1,1,1,1,1,1,1,1,1,1,1,1
387.1,34,Q,79.414018,21.0,1,1,1,1,1,1,1,1,1,1,1,1,1,1,1,1,1,1,1,1,1,1,1,1,1,1
388.1,72,Q,74.119255,26.0,1,1,1,1,1,1,1,1,1,1,1,1,1,1,1,1,1,1,1,1,1,1,1,1,1,1
389.1,625,Q,72.024479,28.0,1,1,1,1,1,1,1,1,1,1,1,1,1,1,1,1,1,1,1,1,1,1,1,1,1,1
390.1,145,Q,72.046946,28.0,1,1,1,1,1,1,1,1,1,1,1,1,1,1,1,1,1,1,1,1,1,1,1,1,1,1
391.1,6,Q,66.801275,34.0, , , , , , , , , , , , , , , , ,1,1,1,1,1,1,1,1,1,1
391.2,260,Q,66.05573,34.0, , , , , , , , , , , , , , , , ,1,1,1,1,1,1,1,1,1,1
391.3,143,Q,67.912672,33.0, , , , , , , , , , , , , , , , ,1,1,1,1,1,1,1,1,1,1
392.1,453,Q,79.509683,21.0,1,1,1,1,1,1,1,1,1,1,1,1,1,1,1,1,1,1,1,1,1,1,1,1,1,1
393.1,4,Q,68.101068,32.0, , , , , , , , , , , , , , , ,1,1,1,1,1,1,1,1,1,1,1
394.1,317,Q,65.358027,35.0,1,1,1,1,1,1,1,1,1,1,1,1,1,1,1,1,1,1,1,1,1,1,1,1,1,1
395.1,319,Q,66.335114,34.0,1,1,1,1,1,1,1,1,1,1,1,1,1,1,1,1,1,1,1,1,1,1,1,1,1,1
396.1,468,Q,66.776698,34.0,1,1,1,1,1,1,1,1,1,1,1,1,1,1,1,1,1,1,1,1,1,1,1,1,1,1
397.1,1294,Q,66.016257,34.0,1,1,1,1,1,1,1,1,1,1,1,1,1,1,1,1,1,1,1,1,1,1,1,1,1,1
398.1,1064,Q,74.171569,26.0, , , ,1,1,1,1,1,1,1,1,1,1,1,1,1,1,1,1,1,1,1,1,1,1,1
399.1,213,Q,79.37968,21.0,1,1,1,1,1,1,1,1,1,1,1,1,1,1,1,1,1,1,1,1,1,1,1,1,1,1
400.1,159,Q,76.483824,24.0,1,1,1,1,1,1,1,1,1,1,1,1,1,1,1,1,1,1,1,1,1,1,1,1,1,1
401.1,841,Q,66.234042,34.0, , , , , , , , , , , , , , , , , ,1,1,1,1,1,1,1,1,1
402.1,1245,Q,74.247059,26.0,1,1,1,1,1,1,1,1,1,1,1,1,1,1,1,1,1,1,1,1,1,1,1,1,1,1
403.1,346,Q,71.019757,29.0, , , , , , , , , , , , , , , ,1,1,1,1,1,1,1,1,1,1,1
404.1,15,Q,76.659185,24.0,1,1,1,1,1,1,1,1,1,1,1,1,1,1,1,1,1,1,1,1,1,1,1,1,1,1
405.1,107,Q,67.3083,33.0,1,1,1,1,1,1,1,1,1,1,1,1,1,1,1,1,1,1,1,1,1,1,1,1,1,1
406.1,1041,Q,77.569299,23.0,1,1,1,1,1,1,1,1,1,1,1,1,1,1,1,1,1,1,1,1,1,1,1,1,1,1
407.1,912,Q,70.699378,30.0,1,1,1,1,1,1,1,1,1,1,1,1,1,1,1,1,1,1,1,1,1,1,1,1,1,1
407.2,340,Q,73.262876,27.0,1,1,1,1,1,1,1,1,1,1,1,1,1,1,1,1,1,1,1,1,1,1,1,1,1,1
408.1,238,Q,72.547125,28.0,1,1,1,1,1,1,1,1,1,1,1,1,1,1,1,1,1,1,1,1,1,1,1,1,1,1
409.1,227,Q,76.257178,24.0,1,1,1,1,1,1,1,1,1,1,1,1,1,1,1,1,1,1,1,1,1,1,1,1,1,1
410.1,131,Q,67.443154,33.0, , , , , , , , , , , , , , , , , , , , , ,1,1,1,1,1
411.1,830,Q,71.617795,29.0,1,1,1,1,1,1,1,1,1,1,1,1,1,1,1,1,1,1,1,1,1,1,1,1,1,1
412.1,470,Q,65.268151,35.0,1,1,1,1,1,1,1,1,1,1,1,1,1,1,1,1,1,1,1,1,1,1,1,1,1,1
413.1,1168,Q,71.579376,29.0,1,1,1,1,1,1,1,1,1,1,1,1,1,1,1,1,1,1,1,1,1,1,1,1,1,1
414.1,837,Q,67.775348,33.0,1,1,1,1,1,1,1,1,1,1,1,1,1,1,1,1,1,1,1,1,1,1,1,1,1,1
415.1,758,Q,82.79662,18.0,1,1,1,1,1,1,1,1,1,1,1,1,1,1,1,1,1,1,1,1,1,1,1,1,1,1
416.1,792,Q,66.391102,34.0,1,1,1,1,1,1,1,1,1,1,1,1,1,1,1,1,1,1,1,1,1,1,1,1,1,1
417.1,896,Q,68.853331,32.0,1,1,1,1,1,1,1,1,1,1,1,1,1,1,1,1,1,1,1,1,1,1,1,1,1,1
418.1,541,Q,68.452646,32.0,1,1,1,1,1,1,1,1,1,1,1,1,1,1,1,1,1,1,1,1,1,1,1,1,1,1
419.1,787,Q,68.047877,32.0, , , , , , , , , , , , , ,1,1,1,1,1,1,1,1,1,1,1,1,1
420.1,640,Q,67.965547,33.0, , , , , , , , , , , , , , ,1,1,1,1,1,1,1,1,1,1,1,1
421.1,1191,Q,73.100702,27.0,1,1,1,1,1,1,1,1,1,1,1,1,1,1,1,1,1,1,1,1,1,1,1,1,1,1
423.1,596,Q,84.9491,16.0,1,1,1,1,1,1,1,1,1,1,1,1,1,1,1,1,1,1,1,1,1,1,1,1,1,1
424.1,814,Q,65.283697,35.0,1,1,1,1,1,1,1,1,1,1,1,1,1,1,1,1,1,1,1,1,1,1,1,1,1,1
425.1,85,Q,77.760758,23.0,1,1,1,1,1,1,1,1,1,1,1,1,1,1,1,1,1,1,1,1,1,1,1,1,1,1
426.1,535,Q,66.27868,34.0,1,1,1,1,1,1,1,1,1,1,1,1,1,1,1,1,1,1,1,1,1,1,1,1,1,1
427.1,988,Q,69.863723,31.0,1,1,1,1,1,1,1,1,1,1,1,1,1,1,1,1,1,1,1,1,1,1,1,1,1,1
427.2,1185,Q,72.43649,28.0,1,1,1,1,1,1,1,1,1,1,1,1,1,1,1,1,1,1,1,1,1,1,1,1,1,1
428.1,1238,Q,66.772086,34.0,1,1,1,1,1,1,1,1,1,1,1,1,1,1,1,1,1,1,1,1,1,1,1,1,1,1
429.1,660,Q,66.105488,34.0,1,1,1,1,1,1,1,1,1,1,1,1,1,1,1,1,1,1,1,1,1,1,1,1,1,1
430.1,920,Q,77.445801,23.0, , , , , , , , , , , , , , , , ,1,1,1,1,1,1,1,1,1,1
431.1,81,Q,65.511679,35.0,1,1,1,1,1,1,1,1,1,1,1,1,1,1,1,1,1,1,1,1,1,1,1,1,1,1
432.1,1017,Q,87.47395,13.0,1,1,1,1,1,1,1,1,1,1,1,1,1,1,1,1,1,1,1,1,1,1,1,1,1,1
433.1,749,Q,75.454627,25.0,1,1,1,1,1,1,1,1,1,1,1,1,1,1,1,1,1,1,1,1,1,1,1,1,1,1
433.2,408,Q,69.51552,31.0,1,1,1,1,1,1,1,1,1,1,1,1,1,1,1,1,1,1,1,1,1,1,1,1,1,1
434.1,256,Q,67.693852,33.0, , , , , ,1,1,1,1,1,1,1,1,1,1,1,1,1,1,1,1,1,1,1,1,1
435.1,770,Q,68.565054,32.0, , , , , , , , , , , , , , , , , ,1,1,1,1,1,1,1,1,1
436.1,17,Q,70.066897,30.0,1,1,1,1,1,1,1,1,1,1,1,1,1,1,1,1,1,1,1,1,1,1,1,1,1,1
436.2,433,Q,69.297727,31.0,1,1,1,1,1,1,1,1,1,1,1,1,1,1,1,1,1,1,1,1,1,1,1,1,1,1
437.1,448,Q,68.779729,32.0,1,1,1,1,1,1,1,1,1,1,1,1,1,1,1,1,1,1,1,1,1,1,1,1,1,1
438.1,935,Q,70.101393,30.0,1,1,1,1,1,1,1,1,1,1,1,1,1,1,1,1,1,1,1,1,1,1,1,1,1,1
439.1,1145,Q,69.751054,31.0,1,1,1,1,1,1,1,1,1,1,1,1,1,1,1,1,1,1,1,1,1,1,1,1,1,1
440.1,209,Q,72.457376,28.0, , , , , , , , , , , , , , , , , , , , , , , ,1,1,1
441.1,168,Q,67.73793,33.0,1,1,1,1,1,1,1,1,1,1,1,1,1,1,1,1,1,1,1,1,1,1,1,1,1,1
442.1,311,Q,66.511904,34.0,1,1,1,1,1,1,1,1,1,1,1,1,1,1,1,1,1,1,1,1,1,1,1,1,1,1
443.1,207,Q,69.803354,31.0,1,1,1,1,1,1,1,1,1,1,1,1,1,1,1,1,1,1,1,1,1,1,1,1,1,1
444.1,335,Q,69.448571,31.0,1,1,1,1,1,1,1,1,1,1,1,1,1,1,1,1,1,1,1,1,1,1,1,1,1,1
446.1,794,Q,70.035768,30.0, , , , , , , , , , , , ,1,1,1,1,1,1,1,1,1,1,1,1,1,1
447.1,821,Q,81.542284,19.0,1,1,1,1,1,1,1,1,1,1,1,1,1,1,1,1,1,1,1,1,1,1,1,1,1,1
448.1,187,Q,67.279575,33.0,1,1,1,1,1,1,1,1,1,1,1,1,1,1,1,1,1,1,1,1,1,1,1,1,1,1
449.1,512,Q,70.003164,30.0,1,1,1,1,1,1,1,1,1,1,1,1,1,1,1,1,1,1,1,1,1,1,1,1,1,1
450.1,1109,Q,68.18759,32.0, ,1,1,1,1,1,1,1,1,1,1,1,1,1,1,1,1,1,1,1,1,1,1,1,1,1
451.1,741,Q,67.670383,33.0,1,1,1,1,1,1,1,1,1,1,1,1,1,1,1,1,1,1,1,1,1,1,1,1,1,1
452.1,1283,Q,72.621174,28.0,1,1,1,1,1,1,1,1,1,1,1,1,1,1,1,1,1,1,1,1,1,1,1,1,1,1
453.1,367,T,63.178848,319.0,0,1,1,1,1,1,1,1,1,1,1,1,1,1,1,1,1,1,1,1,1,1,1,1,1,1
454.1,1227,Q,65.287363,35.0,1,1,1,1,1,1,1,1,1,1,1,1,1,1,1,1,1,1,1,1,1,1,1,1,1,1
455.1,678,Q,79.131025,21.0,1,1,1,1,1,1,1,1,1,1,1,1,1,1,1,1,1,1,1,1,1,1,1,1,1,1
456.1,810,Q,68.676955,32.0,1,1,1,1,1,1,1,1,1,1,1,1,1,1,1,1,1,1,1,1,1,1,1,1,1,1
457.1,225,Q,82.219268,18.0,1,1,1,1,1,1,1,1,1,1,1,1,1,1,1,1,1,1,1,1,1,1,1,1,1,1
458.1,219,Q,66.926025,34.0, , , , , , , , ,1,1,1,1,1,1,1,1,1,1,1,1,1,1,1,1,1,1
459.1,212,Q,65.640981,35.0,1,1,1,1,1,1,1,1,1,1,1,1,1,1,1,1,1,1,1,1,1,1,1,1,1,1
460.1,189,Q,66.291592,34.0, , , , , , , ,1,1,1,1,1,1,1,1,1,1,1,1,1,1,1,1,1,1,1
461.1,506,Q,74.534362,26.0,1,1,1,1,1,1,1,1,1,1,1,1,1,1,1,1,1,1,1,1,1,1,1,1,1,1
462.1,1068,Q,68.621296,32.0,1,1,1,1,1,1,1,1,1,1,1,1,1,1,1,1,1,1,1,1,1,1,1,1,1,1
462.2,199,Q,70.005881,30.0,1,1,1,1,1,1,1,1,1,1,1,1,1,1,1,1,1,1,1,1,1,1,1,1,1,1
463.1,459,Q,74.534834,26.0, , , , , , , , , , ,1,1,1,1,1,1,1,1,1,1,1,1,1,1,1,1
464.1,710,Q,74.905554,26.0, , , , , , , , , , , , , , , , , , ,1,1,1,1,1,1,1,1
465.1,996,Q,66.748047,34.0,1,1,1,1,1,1,1,1,1,1,1,1,1,1,1,1,1,1,1,1,1,1,1,1,1,1
465.2,971,Q,70.378682,30.0,1,1,1,1,1,1,1,1,1,1,1,1,1,1,1,1,1,1,1,1,1,1,1,1,1,1
465.3,806,Q,74.189223,26.0,1,1,1,1,1,1,1,1,1,1,1,1,1,1,1,1,1,1,1,1,1,1,1,1,1,1
466.1,1208,Q,77.783189,23.0,1,1,1,1,1,1,1,1,1,1,1,1,1,1,1,1,1,1,1,1,1,1,1,1,1,1
467.1,432,Q,69.373724,31.0,1,1,1,1,1,1,1,1,1,1,1,1,1,1,1,1,1,1,1,1,1,1,1,1,1,1
468.1,358,Q,70.974573,30.0,1,1,1,1,1,1,1,1,1,1,1,1,1,1,1,1,1,1,1,1,1,1,1,1,1,1
468.2,757,Q,69.183138,31.0,1,1,1,1,1,1,1,1,1,1,1,1,1,1,1,1,1,1,1,1,1,1,1,1,1,1
468.3,1112,Q,69.183138,31.0,1,1,1,1,1,1,1,1,1,1,1,1,1,1,1,1,1,1,1,1,1,1,1,1,1,1
469.1,875,Q,80.260284,20.0,1,1,1,1,1,1,1,1,1,1,1,1,1,1,1,1,1,1,1,1,1,1,1,1,1,1
470.1,809,Q,73.338087,27.0,1,1,1,1,1,1,1,1,1,1,1,1,1,1,1,1,1,1,1,1,1,1,1,1,1,1
471.1,263,Q,75.593936,25.0, , , , , , , , , , , , , , , , , , , , , , , ,1,1,1
472.1,63,Q,73.27665,27.0, , , , , , , , , , , , , , , , , , , , , ,1,1,1,1,1
473.1,149,Q,72.327485,28.0,1,1,1,1,1,1,1,1,1,1,1,1,1,1,1,1,1,1,1,1,1,1,1,1,1,1
474.1,802,Q,66.172208,34.0,1,1,1,1,1,1,1,1,1,1,1,1,1,1,1,1,1,1,1,1,1,1,1,1,1,1
476.1,60,Q,68.333823,32.0,1,1,1,1,1,1,1,1,1,1,1,1,1,1,1,1,1,1,1,1,1,1,1,1,1,1
477.1,1229,Q,78.694046,22.0,1,1,1,1,1,1,1,1,1,1,1,1,1,1,1,1,1,1,1,1,1,1,1,1,1,1
477.2,691,Q,78.694046,22.0,1,1,1,1,1,1,1,1,1,1,1,1,1,1,1,1,1,1,1,1,1,1,1,1,1,1
478.1,1231,Q,68.391681,32.0,1,1,1,1,1,1,1,1,1,1,1,1,1,1,1,1,1,1,1,1,1,1,1,1,1,1
479.1,634,Q,73.875591,27.0,1,1,1,1,1,1,1,1,1,1,1,1,1,1,1,1,1,1,1,1,1,1,1,1,1,1
480.1,293,Q,72.125939,28.0,1,1,1,1,1,1,1,1,1,1,1,1,1,1,1,1,1,1,1,1,1,1,1,1,1,1
481.1,733,Q,65.874542,35.0,1,1,1,1,1,1,1,1,1,1,1,1,1,1,1,1,1,1,1,1,1,1,1,1,1,1
482.1,441,Q,67.114181,33.0,1,1,1,1,1,1,1,1,1,1,1,1,1,1,1,1,1,1,1,1,1,1,1,1,1,1
483.1,1002,Q,75.408737,25.0,1,1,1,1,1,1,1,1,1,1,1,1,1,1,1,1,1,1,1,1,1,1,1,1,1,1
484.1,739,Q,73.115159,27.0,1,1,1,1,1,1,1,1,1,1,1,1,1,1,1,1,1,1,1,1,1,1,1,1,1,1
485.1,926,Q,67.325821,33.0,1,1,1,1,1,1,1,1,1,1,1,1,1,1,1,1,1,1,1,1,1,1,1,1,1,1
486.1,287,Q,75.733296,25.0,1,1,1,1,1,1,1,1,1,1,1,1,1,1,1,1,1,1,1,1,1,1,1,1,1,1
487.1,723,Q,69.422494,31.0,1,1,1,1,1,1,1,1,1,1,1,1,1,1,1,1,1,1,1,1,1,1,1,1,1,1
488.1,79,Q,65.308722,35.0,1,1,1,1,1,1,1,1,1,1,1,1,1,1,1,1,1,1,1,1,1,1,1,1,1,1
489.1,1183,Q,70.076477,30.0,1,1,1,1,1,1,1,1,1,1,1,1,1,1,1,1,1,1,1,1,1,1,1,1,1,1
490.1,103,Q,67.802042,33.0, , , , , , , , , , , , , , , , , , , , ,1,1,1,1,1,1
491.1,181,Q,66.028489,34.0, , , , , , , ,1,1,1,1,1,1,1,1,1,1,1,1,1,1,1,1,1,1,1
492.1,727,Q,66.873409,34.0,1,1,1,1,1,1,1,1,1,1,1,1,1,1,1,1,1,1,1,1,1,1,1,1,1,1
492.2,466,Q,65.479891,35.0,1,1,1,1,1,1,1,1,1,1,1,1,1,1,1,1,1,1,1,1,1,1,1,1,1,1
492.3,823,Q,66.408566,34.0,1,1,1,1,1,1,1,1,1,1,1,1,1,1,1,1,1,1,1,1,1,1,1,1,1,1
493.1,647,Q,65.671388,35.0,1,1,1,1,1,1,1,1,1,1,1,1,1,1,1,1,1,1,1,1,1,1,1,1,1,1
494.1,490,Q,71.46359,29.0,1,1,1,1,1,1,1,1,1,1,1,1,1,1,1,1,1,1,1,1,1,1,1,1,1,1
495.1,350,Q,71.973265,29.0,1,1,1,1,1,1,1,1,1,1,1,1,1,1,1,1,1,1,1,1,1,1,1,1,1,1
496.1,885,Q,71.279741,29.0,1,1,1,1,1,1,1,1,1,1,1,1,1,1,1,1,1,1,1,1,1,1,1,1,1,1
497.1,347,Q,67.321126,33.0,1,1,1,1,1,1,1,1,1,1,1,1,1,1,1,1,1,1,1,1,1,1,1,1,1,1
498.1,566,Q,67.274335,33.0,1,1,1,1,1,1,1,1,1,1,1,1,1,1,1,1,1,1,1,1,1,1,1,1,1,1
499.1,1212,Q,79.280443,21.0,1,1,1,1,1,1,1,1,1,1,1,1,1,1,1,1,1,1,1,1,1,1,1,1,1,1
500.1,407,Q,84.501601,16.0, , , , , , , , , , , , , , , , , , , , , , , , , ,1
501.1,31,Q,67.432985,33.0,1,1,1,1,1,1,1,1,1,1,1,1,1,1,1,1,1,1,1,1,1,1,1,1,1,1
502.1,342,Q,69.262149,31.0,1,1,1,1,1,1,1,1,1,1,1,1,1,1,1,1,1,1,1,1,1,1,1,1,1,1
503.1,437,Q,70.064121,30.0,1,1,1,1,1,1,1,1,1,1,1,1,1,1,1,1,1,1,1,1,1,1,1,1,1,1
504.1,44,Q,71.790423,29.0,1,1,1,1,1,1,1,1,1,1,1,1,1,1,1,1,1,1,1,1,1,1,1,1,1,1
505.1,175,Q,67.555191,33.0,1,1,1,1,1,1,1,1,1,1,1,1,1,1,1,1,1,1,1,1,1,1,1,1,1,1
507.1,348,Q,69.381691,31.0,1,1,1,1,1,1,1,1,1,1,1,1,1,1,1,1,1,1,1,1,1,1,1,1,1,1
508.1,960,Q,75.619175,25.0,1,1,1,1,1,1,1,1,1,1,1,1,1,1,1,1,1,1,1,1,1,1,1,1,1,1
509.1,180,Q,66.675285,34.0,1,1,1,1,1,1,1,1,1,1,1,1,1,1,1,1,1,1,1,1,1,1,1,1,1,1
510.1,999,Q,70.6053,30.0,1,1,1,1,1,1,1,1,1,1,1,1,1,1,1,1,1,1,1,1,1,1,1,1,1,1
511.1,937,Q,66.16301,34.0, , , , , , , , , , , , , , , , , , ,1,1,1,1,1,1,1,1
512.1,1250,Q,66.531636,34.0, , , , ,1,1,1,1,1,1,1,1,1,1,1,1,1,1,1,1,1,1,1,1,1,1
513.1,646,Q,74.88589,26.0,1,1,1,1,1,1,1,1,1,1,1,1,1,1,1,1,1,1,1,1,1,1,1,1,1,1
514.1,47,Q,77.512495,23.0,1,1,1,1,1,1,1,1,1,1,1,1,1,1,1,1,1,1,1,1,1,1,1,1,1,1
514.2,812,Q,68.076267,32.0,1,1,1,1,1,1,1,1,1,1,1,1,1,1,1,1,1,1,1,1,1,1,1,1,1,1
515.1,467,Q,66.56098,34.0,1,1,1,1,1,1,1,1,1,1,1,1,1,1,1,1,1,1,1,1,1,1,1,1,1,1
516.1,69,Q,69.550463,31.0, , , , , , , , , , , ,1,1,1,1,1,1,1,1,1,1,1,1,1,1,1
517.1,226,Q,71.647739,29.0,1,1,1,1,1,1,1,1,1,1,1,1,1,1,1,1,1,1,1,1,1,1,1,1,1,1
518.1,356,Q,69.455619,31.0,1,1,1,1,1,1,1,1,1,1,1,1,1,1,1,1,1,1,1,1,1,1,1,1,1,1
519.1,884,Q,66.936758,34.0,1,1,1,1,1,1,1,1,1,1,1,1,1,1,1,1,1,1,1,1,1,1,1,1,1,1
520.1,481,Q,71.674632,29.0, , , , , , , , , , , , , , , , , , , , , , , , ,1,1
521.1,1264,Q,66.108743,34.0,1,1,1,1,1,1,1,1,1,1,1,1,1,1,1,1,1,1,1,1,1,1,1,1,1,1
523.1,948,Q,70.679508,30.0,1,1,1,1,1,1,1,1,1,1,1,1,1,1,1,1,1,1,1,1,1,1,1,1,1,1
524.1,206,Q,76.98058,24.0, , , , , , , , , , , , , , , ,1,1,1,1,1,1,1,1,1,1,1
525.1,1172,Q,65.480269,35.0,1,1,1,1,1,1,1,1,1,1,1,1,1,1,1,1,1,1,1,1,1,1,1,1,1,1
526.1,906,Q,65.854965,35.0,1,1,1,1,1,1,1,1,1,1,1,1,1,1,1,1,1,1,1,1,1,1,1,1,1,1
527.1,1274,Q,66.030953,34.0, , , , , , , , , , , , , , , , , , , , , , ,1,1,1,1
528.1,353,Q,71.308715,29.0,1,1,1,1,1,1,1,1,1,1,1,1,1,1,1,1,1,1,1,1,1,1,1,1,1,1
528.2,591,Q,68.193255,32.0,1,1,1,1,1,1,1,1,1,1,1,1,1,1,1,1,1,1,1,1,1,1,1,1,1,1
530.1,1291,Q,70.784132,30.0,1,1,1,1,1,1,1,1,1,1,1,1,1,1,1,1,1,1,1,1,1,1,1,1,1,1
531.1,908,Q,66.624132,34.0, , , , , , ,1,1,1,1,1,1,1,1,1,1,1,1,1,1,1,1,1,1,1,1
532.1,26,Q,73.154971,27.0,1,1,1,1,1,1,1,1,1,1,1,1,1,1,1,1,1,1,1,1,1,1,1,1,1,1
533.1,888,Q,68.392875,32.0,1,1,1,1,1,1,1,1,1,1,1,1,1,1,1,1,1,1,1,1,1,1,1,1,1,1
534.1,380,Q,76.658907,24.0,1,1,1,1,1,1,1,1,1,1,1,1,1,1,1,1,1,1,1,1,1,1,1,1,1,1
534.2,368,Q,68.171915,32.0,1,1,1,1,1,1,1,1,1,1,1,1,1,1,1,1,1,1,1,1,1,1,1,1,1,1
535.1,982,Q,81.117953,19.0,1,1,1,1,1,1,1,1,1,1,1,1,1,1,1,1,1,1,1,1,1,1,1,1,1,1
536.1,139,Q,69.319682,31.0,1,1,1,1,1,1,1,1,1,1,1,1,1,1,1,1,1,1,1,1,1,1,1,1,1,1
537.1,361,Q,66.507194,34.0,1,1,1,1,1,1,1,1,1,1,1,1,1,1,1,1,1,1,1,1,1,1,1,1,1,1
538.1,759,Q,66.017248,34.0, , , , , , , , , , ,1,1,1,1,1,1,1,1,1,1,1,1,1,1,1,1
539.1,101,Q,68.577403,32.0,1,1,1,1,1,1,1,1,1,1,1,1,1,1,1,1,1,1,1,1,1,1,1,1,1,1
540.1,135,Q,67.621307,33.0,1,1,1,1,1,1,1,1,1,1,1,1,1,1,1,1,1,1,1,1,1,1,1,1,1,1
541.1,82,Q,66.930262,34.0,1,1,1,1,1,1,1,1,1,1,1,1,1,1,1,1,1,1,1,1,1,1,1,1,1,1
542.1,502,Q,65.6617,35.0,1,1,1,1,1,1,1,1,1,1,1,1,1,1,1,1,1,1,1,1,1,1,1,1,1,1
543.1,1194,Q,65.426198,35.0,1,1,1,1,1,1,1,1,1,1,1,1,1,1,1,1,1,1,1,1,1,1,1,1,1,1
544.1,1147,Q,80.505518,20.0,1,1,1,1,1,1,1,1,1,1,1,1,1,1,1,1,1,1,1,1,1,1,1,1,1,1
545.1,492,Q,69.454557,31.0,1,1,1,1,1,1,1,1,1,1,1,1,1,1,1,1,1,1,1,1,1,1,1,1,1,1
546.1,1215,Q,71.911527,29.0,1,1,1,1,1,1,1,1,1,1,1,1,1,1,1,1,1,1,1,1,1,1,1,1,1,1
548.1,377,Q,75.859928,25.0, , , , , , , , , , , , , , , , ,1,1,1,1,1,1,1,1,1,1
549.1,1207,Q,75.559819,25.0, , , , , , , , , , , , , , , , , , , , ,1,1,1,1,1,1
550.1,1288,Q,70.245731,30.0,1,1,1,1,1,1,1,1,1,1,1,1,1,1,1,1,1,1,1,1,1,1,1,1,1,1
551.1,310,Q,71.01686,29.0,1,1,1,1,1,1,1,1,1,1,1,1,1,1,1,1,1,1,1,1,1,1,1,1,1,1
552.1,285,Q,65.710166,35.0, , , , , , ,1,1,1,1,1,1,1,1,1,1,1,1,1,1,1,1,1,1,1,1
553.1,217,Q,67.173119,33.0,1,1,1,1,1,1,1,1,1,1,1,1,1,1,1,1,1,1,1,1,1,1,1,1,1,1
554.1,979,Q,72.576618,28.0,1,1,1,1,1,1,1,1,1,1,1,1,1,1,1,1,1,1,1,1,1,1,1,1,1,1
554.2,243,Q,68.633359,32.0,1,1,1,1,1,1,1,1,1,1,1,1,1,1,1,1,1,1,1,1,1,1,1,1,1,1
555.1,137,Q,69.325321,31.0,1,1,1,1,1,1,1,1,1,1,1,1,1,1,1,1,1,1,1,1,1,1,1,1,1,1
556.1,834,Q,79.950404,21.0,1,1,1,1,1,1,1,1,1,1,1,1,1,1,1,1,1,1,1,1,1,1,1,1,1,1
556.2,362,Q,68.063492,32.0,1,1,1,1,1,1,1,1,1,1,1,1,1,1,1,1,1,1,1,1,1,1,1,1,1,1
557.1,1171,Q,65.540244,35.0, , , , , , , , , , , , , ,1,1,1,1,1,1,1,1,1,1,1,1,1
558.1,950,Q,66.291748,34.0,1,1,1,1,1,1,1,1,1,1,1,1,1,1,1,1,1,1,1,1,1,1,1,1,1,1
558.2,269,Q,67.313315,33.0,1,1,1,1,1,1,1,1,1,1,1,1,1,1,1,1,1,1,1,1,1,1,1,1,1,1
559.1,66,Q,65.92117,35.0,1,1,1,1,1,1,1,1,1,1,1,1,1,1,1,1,1,1,1,1,1,1,1,1,1,1
560.1,100,Q,69.44094,31.0,1,1,1,1,1,1,1,1,1,1,1,1,1,1,1,1,1,1,1,1,1,1,1,1,1,1
561.1,117,Q,80.73016,20.0,1,1,1,1,1,1,1,1,1,1,1,1,1,1,1,1,1,1,1,1,1,1,1,1,1,1
562.1,931,Q,80.712268,20.0, , , , , , ,1,1,1,1,1,1,1,1,1,1,1,1,1,1,1,1,1,1,1,1
562.2,157,Q,73.152885,27.0, , , , , , ,1,1,1,1,1,1,1,1,1,1,1,1,1,1,1,1,1,1,1,1
563.1,259,Q,74.891292,26.0,1,1,1,1,1,1,1,1,1,1,1,1,1,1,1,1,1,1,1,1,1,1,1,1,1,1
564.1,87,Q,73.379114,27.0,1,1,1,1,1,1,1,1,1,1,1,1,1,1,1,1,1,1,1,1,1,1,1,1,1,1
565.1,956,Q,68.151501,32.0,1,1,1,1,1,1,1,1,1,1,1,1,1,1,1,1,1,1,1,1,1,1,1,1,1,1
566.1,405,Q,78.406308,22.0, , , , , , , , , , ,1,1,1,1,1,1,1,1,1,1,1,1,1,1,1,1
567.1,813,Q,77.349673,23.0,1,1,1,1,1,1,1,1,1,1,1,1,1,1,1,1,1,1,1,1,1,1,1,1,1,1
568.1,315,Q,67.344678,33.0,1,1,1,1,1,1,1,1,1,1,1,1,1,1,1,1,1,1,1,1,1,1,1,1,1,1
570.1,1200,Q,74.160233,26.0,1,1,1,1,1,1,1,1,1,1,1,1,1,1,1,1,1,1,1,1,1,1,1,1,1,1
571.1,1287,Q,82.648957,18.0,1,1,1,1,1,1,1,1,1,1,1,1,1,1,1,1,1,1,1,1,1,1,1,1,1,1
572.1,195,Q,65.339594,35.0,1,1,1,1,1,1,1,1,1,1,1,1,1,1,1,1,1,1,1,1,1,1,1,1,1,1
573.1,431,Q,75.254012,25.0,1,1,1,1,1,1,1,1,1,1,1,1,1,1,1,1,1,1,1,1,1,1,1,1,1,1
573.2,130,Q,66.185535,34.0,1,1,1,1,1,1,1,1,1,1,1,1,1,1,1,1,1,1,1,1,1,1,1,1,1,1
573.3,762,Q,69.479816,31.0,1,1,1,1,1,1,1,1,1,1,1,1,1,1,1,1,1,1,1,1,1,1,1,1,1,1
574.1,729,Q,66.131135,34.0,1,1,1,1,1,1,1,1,1,1,1,1,1,1,1,1,1,1,1,1,1,1,1,1,1,1
575.1,1262,Q,69.525675,31.0, , , , , , , , , , , , , , , , , , , , ,1,1,1,1,1,1
576.1,1157,Q,85.385712,15.0,1,1,1,1,1,1,1,1,1,1,1,1,1,1,1,1,1,1,1,1,1,1,1,1,1,1
577.1,1174,Q,78.063382,22.0,1,1,1,1,1,1,1,1,1,1,1,1,1,1,1,1,1,1,1,1,1,1,1,1,1,1
578.1,1063,Q,69.631051,31.0,1,1,1,1,1,1,1,1,1,1,1,1,1,1,1,1,1,1,1,1,1,1,1,1,1,1
579.1,1116,Q,65.765428,35.0, , , , , , , , , , , , , , , , , , , , ,1,1,1,1,1,1
580.1,1175,Q,80.333537,20.0, , , , , , , , , , , , , , , , , , , ,1,1,1,1,1,1,1
581.1,1309,Q,66.805905,34.0,1,1,1,1,1,1,1,1,1,1,1,1,1,1,1,1,1,1,1,1,1,1,1,1,1,1
581.2,71,Q,69.547173,31.0,1,1,1,1,1,1,1,1,1,1,1,1,1,1,1,1,1,1,1,1,1,1,1,1,1,1
581.3,1049,Q,70.214002,30.0,1,1,1,1,1,1,1,1,1,1,1,1,1,1,1,1,1,1,1,1,1,1,1,1,1,1
582.1,392,Q,83.343643,17.0,1,1,1,1,1,1,1,1,1,1,1,1,1,1,1,1,1,1,1,1,1,1,1,1,1,1
583.1,156,Q,76.528955,24.0,1,1,1,1,1,1,1,1,1,1,1,1,1,1,1,1,1,1,1,1,1,1,1,1,1,1
584.1,84,Q,68.19741,32.0,1,1,1,1,1,1,1,1,1,1,1,1,1,1,1,1,1,1,1,1,1,1,1,1,1,1
584.2,1140,Q,70.08736,30.0,1,1,1,1,1,1,1,1,1,1,1,1,1,1,1,1,1,1,1,1,1,1,1,1,1,1
584.3,983,Q,67.408726,33.0,1,1,1,1,1,1,1,1,1,1,1,1,1,1,1,1,1,1,1,1,1,1,1,1,1,1
585.1,584,Q,69.106059,31.0,1,1,1,1,1,1,1,1,1,1,1,1,1,1,1,1,1,1,1,1,1,1,1,1,1,1
586.1,518,Q,76.607596,24.0,1,1,1,1,1,1,1,1,1,1,1,1,1,1,1,1,1,1,1,1,1,1,1,1,1,1
587.1,1117,Q,68.623616,32.0,1,1,1,1,1,1,1,1,1,1,1,1,1,1,1,1,1,1,1,1,1,1,1,1,1,1
588.1,1102,Q,75.357711,25.0,1,1,1,1,1,1,1,1,1,1,1,1,1,1,1,1,1,1,1,1,1,1,1,1,1,1
589.1,12,Q,70.583446,30.0,1,1,1,1,1,1,1,1,1,1,1,1,1,1,1,1,1,1,1,1,1,1,1,1,1,1
590.1,588,Q,68.330528,32.0,1,1,1,1,1,1,1,1,1,1,1,1,1,1,1,1,1,1,1,1,1,1,1,1,1,1
591.1,595,Q,71.366101,29.0,1,1,1,1,1,1,1,1,1,1,1,1,1,1,1,1,1,1,1,1,1,1,1,1,1,1
592.1,687,Q,72.177477,28.0,1,1,1,1,1,1,1,1,1,1,1,1,1,1,1,1,1,1,1,1,1,1,1,1,1,1
593.1,1254,Q,81.48449,19.0,1,1,1,1,1,1,1,1,1,1,1,1,1,1,1,1,1,1,1,1,1,1,1,1,1,1
593.2,119,Q,68.283051,32.0,1,1,1,1,1,1,1,1,1,1,1,1,1,1,1,1,1,1,1,1,1,1,1,1,1,1
594.1,564,Q,71.016901,29.0,1,1,1,1,1,1,1,1,1,1,1,1,1,1,1,1,1,1,1,1,1,1,1,1,1,1
595.1,775,Q,68.41215,32.0,1,1,1,1,1,1,1,1,1,1,1,1,1,1,1,1,1,1,1,1,1,1,1,1,1,1
596.1,853,Q,77.517564,23.0,1,1,1,1,1,1,1,1,1,1,1,1,1,1,1,1,1,1,1,1,1,1,1,1,1,1
598.1,1259,Q,65.353583,35.0,1,1,1,1,1,1,1,1,1,1,1,1,1,1,1,1,1,1,1,1,1,1,1,1,1,1
598.2,836,Q,65.563473,35.0,1,1,1,1,1,1,1,1,1,1,1,1,1,1,1,1,1,1,1,1,1,1,1,1,1,1
599.1,690,Q,70.30646,30.0,1,1,1,1,1,1,1,1,1,1,1,1,1,1,1,1,1,1,1,1,1,1,1,1,1,1
600.1,800,Q,66.355012,866.0,0,0,0,1,1,1,1,1,1,1,1,1,1,1,1,1,1,1,1,1,1,1,1,1,1,1
601.1,716,Q,84.194269,16.0,1,1,1,1,1,1,1,1,1,1,1,1,1,1,1,1,1,1,1,1,1,1,1,1,1,1
602.1,239,Q,79.029547,21.0,1,1,1,1,1,1,1,1,1,1,1,1,1,1,1,1,1,1,1,1,1,1,1,1,1,1
603.1,229,Q,67.411892,33.0,1,1,1,1,1,1,1,1,1,1,1,1,1,1,1,1,1,1,1,1,1,1,1,1,1,1
604.1,357,Q,69.170357,31.0, , , , , , , ,1,1,1,1,1,1,1,1,1,1,1,1,1,1,1,1,1,1,1
605.1,1003,Q,67.507209,33.0,1,1,1,1,1,1,1,1,1,1,1,1,1,1,1,1,1,1,1,1,1,1,1,1,1,1
607.1,649,Q,72.055957,28.0,1,1,1,1,1,1,1,1,1,1,1,1,1,1,1,1,1,1,1,1,1,1,1,1,1,1
608.1,152,Q,81.757773,19.0,1,1,1,1,1,1,1,1,1,1,1,1,1,1,1,1,1,1,1,1,1,1,1,1,1,1
609.1,1028,Q,68.450335,32.0,1,1,1,1,1,1,1,1,1,1,1,1,1,1,1,1,1,1,1,1,1,1,1,1,1,1
610.1,193,Q,74.648011,26.0,1,1,1,1,1,1,1,1,1,1,1,1,1,1,1,1,1,1,1,1,1,1,1,1,1,1
611.1,651,Q,67.346175,33.0, , , ,1,1,1,1,1,1,1,1,1,1,1,1,1,1,1,1,1,1,1,1,1,1,1
612.1,134,Q,69.358091,31.0, , , , ,1,1,1,1,1,1,1,1,1,1,1,1,1,1,1,1,1,1,1,1,1,1
613.1,771,Q,76.222805,24.0,1,1,1,1,1,1,1,1,1,1,1,1,1,1,1,1,1,1,1,1,1,1,1,1,1,1
614.1,728,Q,71.626295,29.0, , , , , , , , , , , , ,1,1,1,1,1,1,1,1,1,1,1,1,1,1
615.1,575,Q,85.011572,15.0,1,1,1,1,1,1,1,1,1,1,1,1,1,1,1,1,1,1,1,1,1,1,1,1,1,1
616.1,1055,Q,71.177232,29.0,1,1,1,1,1,1,1,1,1,1,1,1,1,1,1,1,1,1,1,1,1,1,1,1,1,1
617.1,276,Q,70.163608,30.0,1,1,1,1,1,1,1,1,1,1,1,1,1,1,1,1,1,1,1,1,1,1,1,1,1,1
618.1,720,Q,72.702299,28.0, , , , , , , , , ,1,1,1,1,1,1,1,1,1,1,1,1,1,1,1,1,1
619.1,862,Q,68.163299,32.0,1,1,1,1,1,1,1,1,1,1,1,1,1,1,1,1,1,1,1,1,1,1,1,1,1,1
620.1,543,Q,65.377751,35.0,1,1,1,1,1,1,1,1,1,1,1,1,1,1,1,1,1,1,1,1,1,1,1,1,1,1
621.1,734,Q,71.313936,29.0,1,1,1,1,1,1,1,1,1,1,1,1,1,1,1,1,1,1,1,1,1,1,1,1,1,1
622.1,59,Q,71.847551,29.0,1,1,1,1,1,1,1,1,1,1,1,1,1,1,1,1,1,1,1,1,1,1,1,1,1,1
623.1,35,Q,69.432715,31.0,1,1,1,1,1,1,1,1,1,1,1,1,1,1,1,1,1,1,1,1,1,1,1,1,1,1
624.1,1195,Q,66.361126,34.0,1,1,1,1,1,1,1,1,1,1,1,1,1,1,1,1,1,1,1,1,1,1,1,1,1,1
625.1,1021,Q,72.375982,28.0,1,1,1,1,1,1,1,1,1,1,1,1,1,1,1,1,1,1,1,1,1,1,1,1,1,1
626.1,411,Q,68.803852,32.0,1,1,1,1,1,1,1,1,1,1,1,1,1,1,1,1,1,1,1,1,1,1,1,1,1,1
627.1,581,Q,77.909673,23.0,1,1,1,1,1,1,1,1,1,1,1,1,1,1,1,1,1,1,1,1,1,1,1,1,1,1
628.1,946,Q,68.181136,32.0,1,1,1,1,1,1,1,1,1,1,1,1,1,1,1,1,1,1,1,1,1,1,1,1,1,1
629.1,760,Q,72.184095,28.0,1,1,1,1,1,1,1,1,1,1,1,1,1,1,1,1,1,1,1,1,1,1,1,1,1,1
630.1,231,Q,71.419293,29.0,1,1,1,1,1,1,1,1,1,1,1,1,1,1,1,1,1,1,1,1,1,1,1,1,1,1
631.1,828,Q,69.864907,31.0,1,1,1,1,1,1,1,1,1,1,1,1,1,1,1,1,1,1,1,1,1,1,1,1,1,1
632.1,706,Q,71.123569,29.0,1,1,1,1,1,1,1,1,1,1,1,1,1,1,1,1,1,1,1,1,1,1,1,1,1,1
633.1,620,Q,72.659621,28.0,1,1,1,1,1,1,1,1,1,1,1,1,1,1,1,1,1,1,1,1,1,1,1,1,1,1
634.1,548,Q,69.264024,31.0,1,1,1,1,1,1,1,1,1,1,1,1,1,1,1,1,1,1,1,1,1,1,1,1,1,1
635.1,1204,Q,67.76815,33.0,1,1,1,1,1,1,1,1,1,1,1,1,1,1,1,1,1,1,1,1,1,1,1,1,1,1
636.1,1037,Q,72.42228,28.0,1,1,1,1,1,1,1,1,1,1,1,1,1,1,1,1,1,1,1,1,1,1,1,1,1,1
637.1,158,Q,67.954889,33.0,1,1,1,1,1,1,1,1,1,1,1,1,1,1,1,1,1,1,1,1,1,1,1,1,1,1
638.1,1303,Q,81.175693,19.0,1,1,1,1,1,1,1,1,1,1,1,1,1,1,1,1,1,1,1,1,1,1,1,1,1,1
639.1,551,Q,66.413515,34.0, , , , , , , , , , , , , ,1,1,1,1,1,1,1,1,1,1,1,1,1
641.1,860,Q,65.987195,35.0,1,1,1,1,1,1,1,1,1,1,1,1,1,1,1,1,1,1,1,1,1,1,1,1,1,1
641.2,1051,Q,83.442173,17.0,1,1,1,1,1,1,1,1,1,1,1,1,1,1,1,1,1,1,1,1,1,1,1,1,1,1
641.3,80,Q,84.86959,16.0,1,1,1,1,1,1,1,1,1,1,1,1,1,1,1,1,1,1,1,1,1,1,1,1,1,1
642.1,341,Q,65.559828,35.0,1,1,1,1,1,1,1,1,1,1,1,1,1,1,1,1,1,1,1,1,1,1,1,1,1,1
643.1,1156,Q,65.403554,35.0,1,1,1,1,1,1,1,1,1,1,1,1,1,1,1,1,1,1,1,1,1,1,1,1,1,1
644.1,268,Q,65.828793,35.0,1,1,1,1,1,1,1,1,1,1,1,1,1,1,1,1,1,1,1,1,1,1,1,1,1,1
645.1,372,Q,69.082249,31.0, , , , , , , , , , , , ,1,1,1,1,1,1,1,1,1,1,1,1,1,1
646.1,692,Q,71.533708,29.0, , , , , , , , , , , , , , , , ,1,1,1,1,1,1,1,1,1,1
647.1,106,Q,69.757977,31.0,1,1,1,1,1,1,1,1,1,1,1,1,1,1,1,1,1,1,1,1,1,1,1,1,1,1
648.1,388,Q,68.581952,32.0,1,1,1,1,1,1,1,1,1,1,1,1,1,1,1,1,1,1,1,1,1,1,1,1,1,1
648.2,746,Q,67.821718,33.0,1,1,1,1,1,1,1,1,1,1,1,1,1,1,1,1,1,1,1,1,1,1,1,1,1,1
648.3,638,Q,65.65186,35.0,1,1,1,1,1,1,1,1,1,1,1,1,1,1,1,1,1,1,1,1,1,1,1,1,1,1
649.1,1077,Q,71.308338,29.0,1,1,1,1,1,1,1,1,1,1,1,1,1,1,1,1,1,1,1,1,1,1,1,1,1,1
650.1,1268,Q,67.336158,33.0,1,1,1,1,1,1,1,1,1,1,1,1,1,1,1,1,1,1,1,1,1,1,1,1,1,1
650.2,86,Q,71.546663,29.0,1,1,1,1,1,1,1,1,1,1,1,1,1,1,1,1,1,1,1,1,1,1,1,1,1,1
650.3,756,Q,66.295567,34.0,1,1,1,1,1,1,1,1,1,1,1,1,1,1,1,1,1,1,1,1,1,1,1,1,1,1
651.1,1232,Q,66.978953,34.0, , , ,1,1,1,1,1,1,1,1,1,1,1,1,1,1,1,1,1,1,1,1,1,1,1
652.1,478,Q,69.058964,31.0,1,1,1,1,1,1,1,1,1,1,1,1,1,1,1,1,1,1,1,1,1,1,1,1,1,1
653.1,1065,Q,71.191023,29.0,1,1,1,1,1,1,1,1,1,1,1,1,1,1,1,1,1,1,1,1,1,1,1,1,1,1
653.2,91,Q,65.61855,35.0,1,1,1,1,1,1,1,1,1,1,1,1,1,1,1,1,1,1,1,1,1,1,1,1,1,1
653.3,397,Q,66.141299,34.0,1,1,1,1,1,1,1,1,1,1,1,1,1,1,1,1,1,1,1,1,1,1,1,1,1,1
654.1,153,Q,68.883534,32.0,1,1,1,1,1,1,1,1,1,1,1,1,1,1,1,1,1,1,1,1,1,1,1,1,1,1
656.1,601,Q,83.082514,17.0,1,1,1,1,1,1,1,1,1,1,1,1,1,1,1,1,1,1,1,1,1,1,1,1,1,1
657.1,524,Q,65.34054,35.0, , , , , , , , , , , , , , , , , , , , , , , ,1,1,1
658.1,1053,Q,71.884056,29.0,1,1,1,1,1,1,1,1,1,1,1,1,1,1,1,1,1,1,1,1,1,1,1,1,1,1
659.1,570,Q,71.444497,29.0,1,1,1,1,1,1,1,1,1,1,1,1,1,1,1,1,1,1,1,1,1,1,1,1,1,1
660.1,503,Q,65.880949,35.0,1,1,1,1,1,1,1,1,1,1,1,1,1,1,1,1,1,1,1,1,1,1,1,1,1,1
661.1,55,Q,66.01714,34.0, , , , , , , , , , , , , , , , , ,1,1,1,1,1,1,1,1,1
662.1,563,Q,69.108953,31.0, , , , , , , , , , , , , , , , , , , , , , , , ,1,1
663.1,257,Q,66.89765,34.0, , , , , ,1,1,1,1,1,1,1,1,1,1,1,1,1,1,1,1,1,1,1,1,1
664.1,165,Q,74.884597,26.0,1,1,1,1,1,1,1,1,1,1,1,1,1,1,1,1,1,1,1,1,1,1,1,1,1,1
665.1,747,Q,65.301952,35.0, , , , , , , , , , , , , ,1,1,1,1,1,1,1,1,1,1,1,1,1
666.1,1082,Q,70.355233,30.0,1,1,1,1,1,1,1,1,1,1,1,1,1,1,1,1,1,1,1,1,1,1,1,1,1,1
667.1,120,Q,69.558722,31.0,1,1,1,1,1,1,1,1,1,1,1,1,1,1,1,1,1,1,1,1,1,1,1,1,1,1
668.1,1301,Q,79.354782,21.0,1,1,1,1,1,1,1,1,1,1,1,1,1,1,1,1,1,1,1,1,1,1,1,1,1,1
669.1,418,Q,65.5963,35.0, , , , , , , , , , , , , , , , , , ,1,1,1,1,1,1,1,1
670.1,735,Q,69.288699,31.0,1,1,1,1,1,1,1,1,1,1,1,1,1,1,1,1,1,1,1,1,1,1,1,1,1,1
671.1,123,Q,67.869998,33.0,1,1,1,1,1,1,1,1,1,1,1,1,1,1,1,1,1,1,1,1,1,1,1,1,1,1
672.1,1048,Q,66.301204,34.0,1,1,1,1,1,1,1,1,1,1,1,1,1,1,1,1,1,1,1,1,1,1,1,1,1,1
673.1,1222,Q,72.57464,28.0,1,1,1,1,1,1,1,1,1,1,1,1,1,1,1,1,1,1,1,1,1,1,1,1,1,1
674.1,57,Q,66.252987,34.0,1,1,1,1,1,1,1,1,1,1,1,1,1,1,1,1,1,1,1,1,1,1,1,1,1,1
675.1,843,Q,68.69803,32.0,1,1,1,1,1,1,1,1,1,1,1,1,1,1,1,1,1,1,1,1,1,1,1,1,1,1
676.1,274,Q,76.444367,24.0,1,1,1,1,1,1,1,1,1,1,1,1,1,1,1,1,1,1,1,1,1,1,1,1,1,1
677.1,604,Q,65.414693,35.0,1,1,1,1,1,1,1,1,1,1,1,1,1,1,1,1,1,1,1,1,1,1,1,1,1,1
678.1,831,Q,69.03005,31.0,1,1,1,1,1,1,1,1,1,1,1,1,1,1,1,1,1,1,1,1,1,1,1,1,1,1
678.2,964,Q,65.749111,35.0,1,1,1,1,1,1,1,1,1,1,1,1,1,1,1,1,1,1,1,1,1,1,1,1,1,1
679.1,214,Q,72.790049,28.0,1,1,1,1,1,1,1,1,1,1,1,1,1,1,1,1,1,1,1,1,1,1,1,1,1,1
679.2,1027,Q,75.833598,25.0,1,1,1,1,1,1,1,1,1,1,1,1,1,1,1,1,1,1,1,1,1,1,1,1,1,1
679.3,769,Q,66.126055,34.0,1,1,1,1,1,1,1,1,1,1,1,1,1,1,1,1,1,1,1,1,1,1,1,1,1,1
680.1,218,Q,65.43077,35.0,1,1,1,1,1,1,1,1,1,1,1,1,1,1,1,1,1,1,1,1,1,1,1,1,1,1
681.1,277,Q,73.834765,27.0,1,1,1,1,1,1,1,1,1,1,1,1,1,1,1,1,1,1,1,1,1,1,1,1,1,1
682.1,1180,Q,73.659219,27.0,1,1,1,1,1,1,1,1,1,1,1,1,1,1,1,1,1,1,1,1,1,1,1,1,1,1
683.1,68,Q,65.798842,35.0,1,1,1,1,1,1,1,1,1,1,1,1,1,1,1,1,1,1,1,1,1,1,1,1,1,1
684.1,752,Q,67.23382,33.0,1,1,1,1,1,1,1,1,1,1,1,1,1,1,1,1,1,1,1,1,1,1,1,1,1,1
685.1,284,Q,66.263185,34.0,1,1,1,1,1,1,1,1,1,1,1,1,1,1,1,1,1,1,1,1,1,1,1,1,1,1
686.1,586,Q,85.264978,15.0,1,1,1,1,1,1,1,1,1,1,1,1,1,1,1,1,1,1,1,1,1,1,1,1,1,1
687.1,176,Q,73.449875,27.0,1,1,1,1,1,1,1,1,1,1,1,1,1,1,1,1,1,1,1,1,1,1,1,1,1,1
688.1,1155,Q,77.156138,23.0,1,1,1,1,1,1,1,1,1,1,1,1,1,1,1,1,1,1,1,1,1,1,1,1,1,1
689.1,970,Q,67.46248,33.0,1,1,1,1,1,1,1,1,1,1,1,1,1,1,1,1,1,1,1,1,1,1,1,1,1,1
690.1,508,Q,74.365397,26.0,1,1,1,1,1,1,1,1,1,1,1,1,1,1,1,1,1,1,1,1,1,1,1,1,1,1
691.1,702,Q,71.731178,29.0,1,1,1,1,1,1,1,1,1,1,1,1,1,1,1,1,1,1,1,1,1,1,1,1,1,1
692.1,1006,Q,66.534695,34.0,1,1,1,1,1,1,1,1,1,1,1,1,1,1,1,1,1,1,1,1,1,1,1,1,1,1
693.1,1236,Q,81.713299,19.0,1,1,1,1,1,1,1,1,1,1,1,1,1,1,1,1,1,1,1,1,1,1,1,1,1,1
693.2,299,Q,81.443872,19.0,1,1,1,1,1,1,1,1,1,1,1,1,1,1,1,1,1,1,1,1,1,1,1,1,1,1
693.3,476,Q,82.544256,18.0,1,1,1,1,1,1,1,1,1,1,1,1,1,1,1,1,1,1,1,1,1,1,1,1,1,1
694.1,1103,Q,71.80202,29.0,1,1,1,1,1,1,1,1,1,1,1,1,1,1,1,1,1,1,1,1,1,1,1,1,1,1
695.1,316,Q,75.121256,25.0,1,1,1,1,1,1,1,1,1,1,1,1,1,1,1,1,1,1,1,1,1,1,1,1,1,1
695.2,663,Q,74.790491,26.0,1,1,1,1,1,1,1,1,1,1,1,1,1,1,1,1,1,1,1,1,1,1,1,1,1,1
695.3,73,Q,70.367938,30.0,1,1,1,1,1,1,1,1,1,1,1,1,1,1,1,1,1,1,1,1,1,1,1,1,1,1
696.1,1008,Q,67.177561,33.0, , ,1,1,1,1,1,1,1,1,1,1,1,1,1,1,1,1,1,1,1,1,1,1,1,1
697.1,339,Q,66.657759,34.0,1,1,1,1,1,1,1,1,1,1,1,1,1,1,1,1,1,1,1,1,1,1,1,1,1,1
698.1,621,Q,68.908053,32.0,1,1,1,1,1,1,1,1,1,1,1,1,1,1,1,1,1,1,1,1,1,1,1,1,1,1
699.1,726,Q,69.201436,31.0,1,1,1,1,1,1,1,1,1,1,1,1,1,1,1,1,1,1,1,1,1,1,1,1,1,1
701.1,1098,Q,73.688558,27.0,1,1,1,1,1,1,1,1,1,1,1,1,1,1,1,1,1,1,1,1,1,1,1,1,1,1
702.1,664,Q,66.046999,34.0,1,1,1,1,1,1,1,1,1,1,1,1,1,1,1,1,1,1,1,1,1,1,1,1,1,1
703.1,387,Q,66.412854,34.0, , , ,1,1,1,1,1,1,1,1,1,1,1,1,1,1,1,1,1,1,1,1,1,1,1
704.1,1239,Q,65.593589,35.0,1,1,1,1,1,1,1,1,1,1,1,1,1,1,1,1,1,1,1,1,1,1,1,1,1,1
705.1,721,Q,71.741549,29.0,1,1,1,1,1,1,1,1,1,1,1,1,1,1,1,1,1,1,1,1,1,1,1,1,1,1
706.1,8,Q,78.100036,22.0, , , , , , , , , , , , , ,1,1,1,1,1,1,1,1,1,1,1,1,1
707.1,742,Q,67.22081,33.0, , , , , , , , , , , , , , , , , , , , , , , , ,1,1
708.1,558,Q,68.27267,32.0, , , ,1,1,1,1,1,1,1,1,1,1,1,1,1,1,1,1,1,1,1,1,1,1,1
709.1,419,Q,74.657434,26.0,1,1,1,1,1,1,1,1,1,1,1,1,1,1,1,1,1,1,1,1,1,1,1,1,1,1
710.1,1184,Q,66.412892,34.0,1,1,1,1,1,1,1,1,1,1,1,1,1,1,1,1,1,1,1,1,1,1,1,1,1,1
711.1,777,Q,71.024666,29.0,1,1,1,1,1,1,1,1,1,1,1,1,1,1,1,1,1,1,1,1,1,1,1,1,1,1
711.2,650,Q,68.185647,32.0,1,1,1,1,1,1,1,1,1,1,1,1,1,1,1,1,1,1,1,1,1,1,1,1,1,1
711.3,351,Q,65.770058,35.0,1,1,1,1,1,1,1,1,1,1,1,1,1,1,1,1,1,1,1,1,1,1,1,1,1,1
712.1,306,Q,73.026893,27.0,1,1,1,1,1,1,1,1,1,1,1,1,1,1,1,1,1,1,1,1,1,1,1,1,1,1
713.1,289,Q,65.386726,35.0,1,1,1,1,1,1,1,1,1,1,1,1,1,1,1,1,1,1,1,1,1,1,1,1,1,1
714.1,674,Q,66.500346,34.0,1,1,1,1,1,1,1,1,1,1,1,1,1,1,1,1,1,1,1,1,1,1,1,1,1,1
714.2,271,Q,66.822695,34.0,1,1,1,1,1,1,1,1,1,1,1,1,1,1,1,1,1,1,1,1,1,1,1,1,1,1
714.3,525,Q,68.61907,32.0,1,1,1,1,1,1,1,1,1,1,1,1,1,1,1,1,1,1,1,1,1,1,1,1,1,1
715.1,1001,Q,79.780367,21.0, , , , , , , , , , , , , , , , , , ,1,1,1,1,1,1,1,1
716.1,394,Q,68.222131,32.0,1,1,1,1,1,1,1,1,1,1,1,1,1,1,1,1,1,1,1,1,1,1,1,1,1,1
717.1,128,Q,71.331484,29.0,1,1,1,1,1,1,1,1,1,1,1,1,1,1,1,1,1,1,1,1,1,1,1,1,1,1
718.1,631,Q,83.181204,17.0,1,1,1,1,1,1,1,1,1,1,1,1,1,1,1,1,1,1,1,1,1,1,1,1,1,1
719.1,222,Q,67.749621,33.0,1,1,1,1,1,1,1,1,1,1,1,1,1,1,1,1,1,1,1,1,1,1,1,1,1,1
720.1,484,Q,67.023524,33.0, , , , , , , , , , , , , ,1,1,1,1,1,1,1,1,1,1,1,1,1
720.2,327,Q,67.986519,33.0, , , , , , , , , , , , , ,1,1,1,1,1,1,1,1,1,1,1,1,1
720.3,847,Q,68.011534,32.0, , , , , , , , , , , , , ,1,1,1,1,1,1,1,1,1,1,1,1,1
721.1,1040,Q,67.284205,33.0,1,1,1,1,1,1,1,1,1,1,1,1,1,1,1,1,1,1,1,1,1,1,1,1,1,1
722.1,428,Q,73.292371,27.0,1,1,1,1,1,1,1,1,1,1,1,1,1,1,1,1,1,1,1,1,1,1,1,1,1,1
723.1,1023,Q,65.537164,35.0,1,1,1,1,1,1,1,1,1,1,1,1,1,1,1,1,1,1,1,1,1,1,1,1,1,1
724.1,104,Q,76.046478,24.0,1,1,1,1,1,1,1,1,1,1,1,1,1,1,1,1,1,1,1,1,1,1,1,1,1,1
725.1,686,Q,72.82512,28.0,1,1,1,1,1,1,1,1,1,1,1,1,1,1,1,1,1,1,1,1,1,1,1,1,1,1
726.1,337,Q,67.232366,33.0,1,1,1,1,1,1,1,1,1,1,1,1,1,1,1,1,1,1,1,1,1,1,1,1,1,1
727.1,390,Q,77.768559,23.0,1,1,1,1,1,1,1,1,1,1,1,1,1,1,1,1,1,1,1,1,1,1,1,1,1,1
728.1,376,Q,78.314876,22.0, , , , , , ,1,1,1,1,1,1,1,1,1,1,1,1,1,1,1,1,1,1,1,1
729.1,230,Q,78.407974,22.0,1,1,1,1,1,1,1,1,1,1,1,1,1,1,1,1,1,1,1,1,1,1,1,1,1,1
730.1,1110,Q,66.342902,34.0,1,1,1,1,1,1,1,1,1,1,1,1,1,1,1,1,1,1,1,1,1,1,1,1,1,1
731.1,784,Q,68.42003,32.0,1,1,1,1,1,1,1,1,1,1,1,1,1,1,1,1,1,1,1,1,1,1,1,1,1,1
732.1,171,Q,67.05505,33.0, , , , , , , ,1,1,1,1,1,1,1,1,1,1,1,1,1,1,1,1,1,1,1
732.2,21,Q,76.473021,24.0, , , , , , , ,1,1,1,1,1,1,1,1,1,1,1,1,1,1,1,1,1,1,1
733.1,859,Q,78.607394,22.0,1,1,1,1,1,1,1,1,1,1,1,1,1,1,1,1,1,1,1,1,1,1,1,1,1,1
734.1,349,Q,79.416862,21.0,1,1,1,1,1,1,1,1,1,1,1,1,1,1,1,1,1,1,1,1,1,1,1,1,1,1
735.1,607,Q,76.089731,24.0,1,1,1,1,1,1,1,1,1,1,1,1,1,1,1,1,1,1,1,1,1,1,1,1,1,1
736.1,1223,Q,73.856133,27.0,1,1,1,1,1,1,1,1,1,1,1,1,1,1,1,1,1,1,1,1,1,1,1,1,1,1
737.1,695,Q,70.096592,30.0,1,1,1,1,1,1,1,1,1,1,1,1,1,1,1,1,1,1,1,1,1,1,1,1,1,1
738.1,196,Q,67.557265,33.0,1,1,1,1,1,1,1,1,1,1,1,1,1,1,1,1,1,1,1,1,1,1,1,1,1,1
739.1,778,Q,69.132617,31.0,1,1,1,1,1,1,1,1,1,1,1,1,1,1,1,1,1,1,1,1,1,1,1,1,1,1
740.1,155,Q,75.240724,25.0, , , , , , , , , , , , , , , , , , , , , , ,1,1,1,1
741.1,709,Q,68.712803,32.0,1,1,1,1,1,1,1,1,1,1,1,1,1,1,1,1,1,1,1,1,1,1,1,1,1,1
742.1,1089,Q,74.484486,26.0,1,1,1,1,1,1,1,1,1,1,1,1,1,1,1,1,1,1,1,1,1,1,1,1,1,1
743.1,188,Q,69.629245,31.0,1,1,1,1,1,1,1,1,1,1,1,1,1,1,1,1,1,1,1,1,1,1,1,1,1,1
743.2,417,Q,68.930975,32.0,1,1,1,1,1,1,1,1,1,1,1,1,1,1,1,1,1,1,1,1,1,1,1,1,1,1
743.3,961,Q,66.457759,34.0,1,1,1,1,1,1,1,1,1,1,1,1,1,1,1,1,1,1,1,1,1,1,1,1,1,1
744.1,1120,Q,73.60468,27.0,1,1,1,1,1,1,1,1,1,1,1,1,1,1,1,1,1,1,1,1,1,1,1,1,1,1
745.1,330,Q,66.016558,34.0,1,1,1,1,1,1,1,1,1,1,1,1,1,1,1,1,1,1,1,1,1,1,1,1,1,1
746.1,516,Q,75.837276,25.0,1,1,1,1,1,1,1,1,1,1,1,1,1,1,1,1,1,1,1,1,1,1,1,1,1,1
747.1,1010,Q,66.18331,34.0,1,1,1,1,1,1,1,1,1,1,1,1,1,1,1,1,1,1,1,1,1,1,1,1,1,1
748.1,855,Q,70.527705,30.0,1,1,1,1,1,1,1,1,1,1,1,1,1,1,1,1,1,1,1,1,1,1,1,1,1,1
749.1,669,Q,77.441633,23.0,1,1,1,1,1,1,1,1,1,1,1,1,1,1,1,1,1,1,1,1,1,1,1,1,1,1
750.1,1251,Q,68.098431,32.0,1,1,1,1,1,1,1,1,1,1,1,1,1,1,1,1,1,1,1,1,1,1,1,1,1,1
751.1,521,Q,76.123286,24.0, , , , , , , ,1,1,1,1,1,1,1,1,1,1,1,1,1,1,1,1,1,1,1
752.1,62,Q,69.803223,31.0,1,1,1,1,1,1,1,1,1,1,1,1,1,1,1,1,1,1,1,1,1,1,1,1,1,1
753.1,1134,Q,73.369801,27.0,1,1,1,1,1,1,1,1,1,1,1,1,1,1,1,1,1,1,1,1,1,1,1,1,1,1
754.1,198,Q,68.83289,32.0, , , , , , , , , , , , , , , , , ,1,1,1,1,1,1,1,1,1
755.1,399,Q,65.360521,35.0,1,1,1,1,1,1,1,1,1,1,1,1,1,1,1,1,1,1,1,1,1,1,1,1,1,1
756.1,439,Q,66.336338,34.0,1,1,1,1,1,1,1,1,1,1,1,1,1,1,1,1,1,1,1,1,1,1,1,1,1,1
757.1,264,Q,68.173554,32.0,1,1,1,1,1,1,1,1,1,1,1,1,1,1,1,1,1,1,1,1,1,1,1,1,1,1
758.1,891,Q,67.602538,33.0,1,1,1,1,1,1,1,1,1,1,1,1,1,1,1,1,1,1,1,1,1,1,1,1,1,1
759.1,578,Q,76.497578,24.0,1,1,1,1,1,1,1,1,1,1,1,1,1,1,1,1,1,1,1,1,1,1,1,1,1,1
759.2,1118,Q,81.827968,19.0,1,1,1,1,1,1,1,1,1,1,1,1,1,1,1,1,1,1,1,1,1,1,1,1,1,1
760.1,1276,Q,69.73501,31.0, , , , , , , , , , , , , , , , ,1,1,1,1,1,1,1,1,1,1
761.1,796,Q,66.882673,34.0,1,1,1,1,1,1,1,1,1,1,1,1,1,1,1,1,1,1,1,1,1,1,1,1,1,1
761.2,321,Q,65.356993,35.0,1,1,1,1,1,1,1,1,1,1,1,1,1,1,1,1,1,1,1,1,1,1,1,1,1,1
762.1,1159,Q,67.264889,33.0,1,1,1,1,1,1,1,1,1,1,1,1,1,1,1,1,1,1,1,1,1,1,1,1,1,1
763.1,142,Q,66.807075,34.0,1,1,1,1,1,1,1,1,1,1,1,1,1,1,1,1,1,1,1,1,1,1,1,1,1,1
764.1,386,Q,72.456528,28.0,1,1,1,1,1,1,1,1,1,1,1,1,1,1,1,1,1,1,1,1,1,1,1,1,1,1
765.1,849,Q,73.008116,27.0,1,1,1,1,1,1,1,1,1,1,1,1,1,1,1,1,1,1,1,1,1,1,1,1,1,1
765.2,184,Q,71.142882,29.0,1,1,1,1,1,1,1,1,1,1,1,1,1,1,1,1,1,1,1,1,1,1,1,1,1,1
766.1,1242,Q,72.455836,28.0,1,1,1,1,1,1,1,1,1,1,1,1,1,1,1,1,1,1,1,1,1,1,1,1,1,1
767.1,116,Q,65.649092,35.0,1,1,1,1,1,1,1,1,1,1,1,1,1,1,1,1,1,1,1,1,1,1,1,1,1,1
768.1,493,Q,72.020208,28.0,1,1,1,1,1,1,1,1,1,1,1,1,1,1,1,1,1,1,1,1,1,1,1,1,1,1
768.2,850,Q,72.090617,28.0,1,1,1,1,1,1,1,1,1,1,1,1,1,1,1,1,1,1,1,1,1,1,1,1,1,1
769.1,629,Q,80.775616,20.0,1,1,1,1,1,1,1,1,1,1,1,1,1,1,1,1,1,1,1,1,1,1,1,1,1,1
770.1,32,Q,77.232962,23.0,1,1,1,1,1,1,1,1,1,1,1,1,1,1,1,1,1,1,1,1,1,1,1,1,1,1
771.1,571,Q,67.159505,33.0,1,1,1,1,1,1,1,1,1,1,1,1,1,1,1,1,1,1,1,1,1,1,1,1,1,1
772.1,883,Q,65.246589,35.0,1,1,1,1,1,1,1,1,1,1,1,1,1,1,1,1,1,1,1,1,1,1,1,1,1,1
773.1,398,Q,71.826319,29.0, , , , , , , , , , , , , , , , , , ,1,1,1,1,1,1,1,1
774.1,74,Q,69.646415,31.0,1,1,1,1,1,1,1,1,1,1,1,1,1,1,1,1,1,1,1,1,1,1,1,1,1,1
775.1,696,Q,65.38306,35.0, , , , , , , , , , , , , , , , , , ,1,1,1,1,1,1,1,1
775.2,725,Q,65.770928,35.0, , , , , , , , , , , , , , , , , , ,1,1,1,1,1,1,1,1
776.1,1043,T,65.055235,1204.0,0,0,0,0,1,1,1,1,1,1,1,1,1,1,1,1,1,1,1,1,1,1,1,1,1,1
777.1,3,Q,78.221893,22.0,1,1,1,1,1,1,1,1,1,1,1,1,1,1,1,1,1,1,1,1,1,1,1,1,1,1
779.1,1267,Q,68.079243,32.0,1,1,1,1,1,1,1,1,1,1,1,1,1,1,1,1,1,1,1,1,1,1,1,1,1,1
780.1,1093,Q,67.414603,33.0,1,1,1,1,1,1,1,1,1,1,1,1,1,1,1,1,1,1,1,1,1,1,1,1,1,1
781.1,1243,Q,71.045623,29.0,1,1,1,1,1,1,1,1,1,1,1,1,1,1,1,1,1,1,1,1,1,1,1,1,1,1
783.1,370,Q,66.202331,34.0,1,1,1,1,1,1,1,1,1,1,1,1,1,1,1,1,1,1,1,1,1,1,1,1,1,1
783.2,1136,Q,65.89737,35.0,1,1,1,1,1,1,1,1,1,1,1,1,1,1,1,1,1,1,1,1,1,1,1,1,1,1
784.1,1025,Q,77.393806,23.0,1,1,1,1,1,1,1,1,1,1,1,1,1,1,1,1,1,1,1,1,1,1,1,1,1,1
785.1,615,Q,78.54586,22.0,1,1,1,1,1,1,1,1,1,1,1,1,1,1,1,1,1,1,1,1,1,1,1,1,1,1
786.1,517,Q,70.381789,30.0,1,1,1,1,1,1,1,1,1,1,1,1,1,1,1,1,1,1,1,1,1,1,1,1,1,1
787.1,789,Q,69.3836,31.0, , , , , , , , , , , , , , , , , , , , , , ,1,1,1,1
788.1,1300,Q,66.839547,34.0,1,1,1,1,1,1,1,1,1,1,1,1,1,1,1,1,1,1,1,1,1,1,1,1,1,1
789.1,977,Q,73.678091,27.0, , , , , , , , , , , , , , ,1,1,1,1,1,1,1,1,1,1,1,1
790.1,617,Q,72.789003,28.0,1,1,1,1,1,1,1,1,1,1,1,1,1,1,1,1,1,1,1,1,1,1,1,1,1,1
791.1,553,Q,76.456257,24.0,1,1,1,1,1,1,1,1,1,1,1,1,1,1,1,1,1,1,1,1,1,1,1,1,1,1
791.2,781,Q,79.272633,21.0,1,1,1,1,1,1,1,1,1,1,1,1,1,1,1,1,1,1,1,1,1,1,1,1,1,1
792.1,542,Q,72.885955,28.0, , , , , , , , , , , , , , , , , , , , , , ,1,1,1,1
793.1,267,Q,65.845839,35.0, , , , , , , , , , , , , , , , , , , , , , ,1,1,1,1
794.1,903,Q,68.839671,32.0,1,1,1,1,1,1,1,1,1,1,1,1,1,1,1,1,1,1,1,1,1,1,1,1,1,1
795.1,1035,Q,67.149367,33.0,1,1,1,1,1,1,1,1,1,1,1,1,1,1,1,1,1,1,1,1,1,1,1,1,1,1
796.1,526,Q,66.669419,34.0,1,1,1,1,1,1,1,1,1,1,1,1,1,1,1,1,1,1,1,1,1,1,1,1,1,1
797.1,500,Q,66.830705,34.0,1,1,1,1,1,1,1,1,1,1,1,1,1,1,1,1,1,1,1,1,1,1,1,1,1,1
797.2,864,Q,66.124799,34.0,1,1,1,1,1,1,1,1,1,1,1,1,1,1,1,1,1,1,1,1,1,1,1,1,1,1
797.3,675,Q,67.429249,33.0,1,1,1,1,1,1,1,1,1,1,1,1,1,1,1,1,1,1,1,1,1,1,1,1,1,1
798.1,637,Q,66.350212,34.0,1,1,1,1,1,1,1,1,1,1,1,1,1,1,1,1,1,1,1,1,1,1,1,1,1,1
801.1,334,Q,65.304042,35.0, , , , , , , , , , , , , , , ,1,1,1,1,1,1,1,1,1,1,1
802.1,661,Q,74.87697,26.0,1,1,1,1,1,1,1,1,1,1,1,1,1,1,1,1,1,1,1,1,1,1,1,1,1,1
803.1,236,Q,72.233105,28.0,1,1,1,1,1,1,1,1,1,1,1,1,1,1,1,1,1,1,1,1,1,1,1,1,1,1
804.1,949,Q,67.097491,33.0,1,1,1,1,1,1,1,1,1,1,1,1,1,1,1,1,1,1,1,1,1,1,1,1,1,1
805.1,530,Q,66.043332,34.0,1,1,1,1,1,1,1,1,1,1,1,1,1,1,1,1,1,1,1,1,1,1,1,1,1,1
806.1,1067,Q,65.280839,35.0,1,1,1,1,1,1,1,1,1,1,1,1,1,1,1,1,1,1,1,1,1,1,1,1,1,1
806.2,1057,Q,68.762542,32.0,1,1,1,1,1,1,1,1,1,1,1,1,1,1,1,1,1,1,1,1,1,1,1,1,1,1
806.3,11,Q,66.495429,34.0,1,1,1,1,1,1,1,1,1,1,1,1,1,1,1,1,1,1,1,1,1,1,1,1,1,1
808.1,129,Q,67.907975,33.0,1,1,1,1,1,1,1,1,1,1,1,1,1,1,1,1,1,1,1,1,1,1,1,1,1,1
809.1,748,Q,67.55827,33.0, , , , , , , ,1,1,1,1,1,1,1,1,1,1,1,1,1,1,1,1,1,1,1
810.1,438,Q,65.776085,35.0,1,1,1,1,1,1,1,1,1,1,1,1,1,1,1,1,1,1,1,1,1,1,1,1,1,1
810.2,245,Q,66.664,34.0,1,1,1,1,1,1,1,1,1,1,1,1,1,1,1,1,1,1,1,1,1,1,1,1,1,1
811.1,911,Q,66.740612,34.0,1,1,1,1,1,1,1,1,1,1,1,1,1,1,1,1,1,1,1,1,1,1,1,1,1,1
812.1,138,Q,67.747612,33.0, ,1,1,1,1,1,1,1,1,1,1,1,1,1,1,1,1,1,1,1,1,1,1,1,1,1
813.1,140,Q,65.976144,35.0,1,1,1,1,1,1,1,1,1,1,1,1,1,1,1,1,1,1,1,1,1,1,1,1,1,1
814.1,1214,Q,72.179039,28.0,1,1,1,1,1,1,1,1,1,1,1,1,1,1,1,1,1,1,1,1,1,1,1,1,1,1
814.2,1179,T,62.798548,638.0,0,0,1,1,1,1,1,1,1,1,1,1,1,1,1,1,1,1,1,1,1,1,1,1,1,1
814.3,1100,Q,66.984297,34.0,1,1,1,1,1,1,1,1,1,1,1,1,1,1,1,1,1,1,1,1,1,1,1,1,1,1
815.1,510,Q,73.478035,27.0,1,1,1,1,1,1,1,1,1,1,1,1,1,1,1,1,1,1,1,1,1,1,1,1,1,1
816.1,112,Q,66.132333,34.0,1,1,1,1,1,1,1,1,1,1,1,1,1,1,1,1,1,1,1,1,1,1,1,1,1,1
817.1,679,T,63.444947,354.0,0,1,1,1,1,1,1,1,1,1,1,1,1,1,1,1,1,1,1,1,1,1,1,1,1,1
818.1,121,Q,75.145594,25.0, , , , , , , , , , , , , , , , , , , , , , , , ,1,1
819.1,425,Q,65.917935,35.0,1,1,1,1,1,1,1,1,1,1,1,1,1,1,1,1,1,1,1,1,1,1,1,1,1,1
820.1,308,Q,72.375455,28.0,1,1,1,1,1,1,1,1,1,1,1,1,1,1,1,1,1,1,1,1,1,1,1,1,1,1
821.1,873,Q,65.818208,35.0,1,1,1,1,1,1,1,1,1,1,1,1,1,1,1,1,1,1,1,1,1,1,1,1,1,1
822.1,324,Q,81.31573,19.0,1,1,1,1,1,1,1,1,1,1,1,1,1,1,1,1,1,1,1,1,1,1,1,1,1,1
823.1,322,Q,76.497105,24.0,1,1,1,1,1,1,1,1,1,1,1,1,1,1,1,1,1,1,1,1,1,1,1,1,1,1
824.1,835,Q,67.305858,33.0,1,1,1,1,1,1,1,1,1,1,1,1,1,1,1,1,1,1,1,1,1,1,1,1,1,1
825.1,177,Q,67.779498,33.0,1,1,1,1,1,1,1,1,1,1,1,1,1,1,1,1,1,1,1,1,1,1,1,1,1,1
826.1,343,Q,72.108186,28.0,1,1,1,1,1,1,1,1,1,1,1,1,1,1,1,1,1,1,1,1,1,1,1,1,1,1
827.1,499,Q,75.110397,25.0,1,1,1,1,1,1,1,1,1,1,1,1,1,1,1,1,1,1,1,1,1,1,1,1,1,1
828.1,593,Q,85.095434,15.0, , , ,1,1,1,1,1,1,1,1,1,1,1,1,1,1,1,1,1,1,1,1,1,1,1
829.1,161,Q,67.347806,33.0,1,1,1,1,1,1,1,1,1,1,1,1,1,1,1,1,1,1,1,1,1,1,1,1,1,1
830.1,403,Q,74.914643,26.0,1,1,1,1,1,1,1,1,1,1,1,1,1,1,1,1,1,1,1,1,1,1,1,1,1,1
831.1,848,Q,66.136126,34.0,1,1,1,1,1,1,1,1,1,1,1,1,1,1,1,1,1,1,1,1,1,1,1,1,1,1
832.1,1015,Q,69.31739,31.0,1,1,1,1,1,1,1,1,1,1,1,1,1,1,1,1,1,1,1,1,1,1,1,1,1,1
833.1,20,Q,73.548884,27.0,1,1,1,1,1,1,1,1,1,1,1,1,1,1,1,1,1,1,1,1,1,1,1,1,1,1
835.1,288,Q,71.970966,29.0,1,1,1,1,1,1,1,1,1,1,1,1,1,1,1,1,1,1,1,1,1,1,1,1,1,1
835.2,653,Q,70.810058,30.0,1,1,1,1,1,1,1,1,1,1,1,1,1,1,1,1,1,1,1,1,1,1,1,1,1,1
835.3,65,Q,75.440462,25.0,1,1,1,1,1,1,1,1,1,1,1,1,1,1,1,1,1,1,1,1,1,1,1,1,1,1
836.1,13,T,63.150795,1173.0,0,0,0,0,1,1,1,1,1,1,1,1,1,1,1,1,1,1,1,1,1,1,1,1,1,1
836.2,987,T,63.885169,1173.0,0,0,0,0,1,1,1,1,1,1,1,1,1,1,1,1,1,1,1,1,1,1,1,1,1,1
836.3,309,T,63.255492,2001.0,0,0,0,0,0,0,0,1,1,1,1,1,1,1,1,1,1,1,1,1,1,1,1,1,1,1
837.1,113,Q,67.567443,317.0,0,1,1,1,1,1,1,1,1,1,1,1,1,1,1,1,1,1,1,1,1,1,1,1,1,1
838.1,191,Q,68.00752,32.0,1,1,1,1,1,1,1,1,1,1,1,1,1,1,1,1,1,1,1,1,1,1,1,1,1,1
841.1,597,Q,69.118007,31.0, , , , , , ,1,1,1,1,1,1,1,1,1,1,1,1,1,1,1,1,1,1,1,1
843.1,889,Q,67.48346,33.0,1,1,1,1,1,1,1,1,1,1,1,1,1,1,1,1,1,1,1,1,1,1,1,1,1,1
844.1,501,Q,72.093589,28.0,1,1,1,1,1,1,1,1,1,1,1,1,1,1,1,1,1,1,1,1,1,1,1,1,1,1
845.1,700,Q,71.106894,29.0,1,1,1,1,1,1,1,1,1,1,1,1,1,1,1,1,1,1,1,1,1,1,1,1,1,1
846.1,842,T,65.040851,906.0,0,0,0,1,1,1,1,1,1,1,1,1,1,1,1,1,1,1,1,1,1,1,1,1,1,1
847.1,295,Q,74.050081,26.0,1,1,1,1,1,1,1,1,1,1,1,1,1,1,1,1,1,1,1,1,1,1,1,1,1,1
848.1,936,Q,69.404464,31.0, , , , , ,1,1,1,1,1,1,1,1,1,1,1,1,1,1,1,1,1,1,1,1,1
849.1,1083,Q,73.033952,27.0, , , , , , , , , , , , , , , , ,1,1,1,1,1,1,1,1,1,1
850.1,318,Q,69.798075,31.0, , ,1,1,1,1,1,1,1,1,1,1,1,1,1,1,1,1,1,1,1,1,1,1,1,1
851.1,223,Q,70.99778,30.0,1,1,1,1,1,1,1,1,1,1,1,1,1,1,1,1,1,1,1,1,1,1,1,1,1,1
852.1,857,Q,66.445033,34.0,1,1,1,1,1,1,1,1,1,1,1,1,1,1,1,1,1,1,1,1,1,1,1,1,1,1
852.2,645,Q,67.228538,33.0,1,1,1,1,1,1,1,1,1,1,1,1,1,1,1,1,1,1,1,1,1,1,1,1,1,1
852.3,364,Q,68.862858,32.0,1,1,1,1,1,1,1,1,1,1,1,1,1,1,1,1,1,1,1,1,1,1,1,1,1,1
853.1,574,Q,65.284355,35.0, , , , , ,1,1,1,1,1,1,1,1,1,1,1,1,1,1,1,1,1,1,1,1,1
854.1,532,Q,67.968334,33.0,1,1,1,1,1,1,1,1,1,1,1,1,1,1,1,1,1,1,1,1,1,1,1,1,1,1
855.1,54,Q,78.424929,22.0,1,1,1,1,1,1,1,1,1,1,1,1,1,1,1,1,1,1,1,1,1,1,1,1,1,1
856.1,533,Q,72.716489,28.0,1,1,1,1,1,1,1,1,1,1,1,1,1,1,1,1,1,1,1,1,1,1,1,1,1,1
857.1,945,Q,67.077581,33.0,1,1,1,1,1,1,1,1,1,1,1,1,1,1,1,1,1,1,1,1,1,1,1,1,1,1
857.2,458,Q,65.467764,35.0,1,1,1,1,1,1,1,1,1,1,1,1,1,1,1,1,1,1,1,1,1,1,1,1,1,1
857.3,915,Q,68.947236,32.0,1,1,1,1,1,1,1,1,1,1,1,1,1,1,1,1,1,1,1,1,1,1,1,1,1,1
858.1,978,Q,73.16351,27.0,1,1,1,1,1,1,1,1,1,1,1,1,1,1,1,1,1,1,1,1,1,1,1,1,1,1
858.2,984,Q,75.151419,25.0,1,1,1,1,1,1,1,1,1,1,1,1,1,1,1,1,1,1,1,1,1,1,1,1,1,1
858.3,1284,Q,72.363114,28.0,1,1,1,1,1,1,1,1,1,1,1,1,1,1,1,1,1,1,1,1,1,1,1,1,1,1
859.1,738,Q,68.646828,32.0,1,1,1,1,1,1,1,1,1,1,1,1,1,1,1,1,1,1,1,1,1,1,1,1,1,1
860.1,972,Q,66.440767,34.0,1,1,1,1,1,1,1,1,1,1,1,1,1,1,1,1,1,1,1,1,1,1,1,1,1,1
861.1,1122,Q,67.016412,33.0, , , , , , , , , , , , , , , , ,1,1,1,1,1,1,1,1,1,1
862.1,400,Q,73.655308,27.0,1,1,1,1,1,1,1,1,1,1,1,1,1,1,1,1,1,1,1,1,1,1,1,1,1,1
863.1,851,Q,68.303459,32.0,1,1,1,1,1,1,1,1,1,1,1,1,1,1,1,1,1,1,1,1,1,1,1,1,1,1
864.1,471,Q,69.225707,31.0,1,1,1,1,1,1,1,1,1,1,1,1,1,1,1,1,1,1,1,1,1,1,1,1,1,1
865.1,539,Q,65.654026,35.0, , , , , , , , , , , , , , , ,1,1,1,1,1,1,1,1,1,1,1
866.1,1169,Q,67.792214,33.0,1,1,1,1,1,1,1,1,1,1,1,1,1,1,1,1,1,1,1,1,1,1,1,1,1,1
867.1,697,Q,65.701416,35.0,1,1,1,1,1,1,1,1,1,1,1,1,1,1,1,1,1,1,1,1,1,1,1,1,1,1
868.1,1193,Q,65.988504,35.0,1,1,1,1,1,1,1,1,1,1,1,1,1,1,1,1,1,1,1,1,1,1,1,1,1,1
869.1,918,T,63.843841,927.0,0,0,0,1,1,1,1,1,1,1,1,1,1,1,1,1,1,1,1,1,1,1,1,1,1,1
870.1,296,Q,66.060803,34.0,1,1,1,1,1,1,1,1,1,1,1,1,1,1,1,1,1,1,1,1,1,1,1,1,1,1
871.1,45,Q,69.219099,31.0,1,1,1,1,1,1,1,1,1,1,1,1,1,1,1,1,1,1,1,1,1,1,1,1,1,1
872.1,929,Q,74.73263,26.0, , , , , , , , , , , ,1,1,1,1,1,1,1,1,1,1,1,1,1,1,1
873.1,Hire,H,0,1287.0,0,0,0,0,1,1,1,1,1,1,1,1,1,1,1,1,1,1,1,1,1,1,1,1,1,1
874.1,648,Q,67.368332,33.0,1,1,1,1,1,1,1,1,1,1,1,1,1,1,1,1,1,1,1,1,1,1,1,1,1,1
875.1,600,Q,67.053698,33.0,1,1,1,1,1,1,1,1,1,1,1,1,1,1,1,1,1,1,1,1,1,1,1,1,1,1
875.2,365,Q,73.912919,27.0,1,1,1,1,1,1,1,1,1,1,1,1,1,1,1,1,1,1,1,1,1,1,1,1,1,1
876.1,643,Q,78.880906,22.0,1,1,1,1,1,1,1,1,1,1,1,1,1,1,1,1,1,1,1,1,1,1,1,1,1,1
878.1,40,Q,67.651253,33.0,1,1,1,1,1,1,1,1,1,1,1,1,1,1,1,1,1,1,1,1,1,1,1,1,1,1
879.1,1061,Q,65.713671,35.0,1,1,1,1,1,1,1,1,1,1,1,1,1,1,1,1,1,1,1,1,1,1,1,1,1,1
880.1,676,Q,67.890401,33.0, , , , , , , , , , , , , , , , , ,1,1,1,1,1,1,1,1,1
881.1,974,Q,67.34033,33.0,1,1,1,1,1,1,1,1,1,1,1,1,1,1,1,1,1,1,1,1,1,1,1,1,1,1
883.1,272,Q,69.213837,31.0, , , , , , , ,1,1,1,1,1,1,1,1,1,1,1,1,1,1,1,1,1,1,1
884.1,9,Q,70.152879,30.0,1,1,1,1,1,1,1,1,1,1,1,1,1,1,1,1,1,1,1,1,1,1,1,1,1,1
885.1,1186,Q,82.792757,18.0,1,1,1,1,1,1,1,1,1,1,1,1,1,1,1,1,1,1,1,1,1,1,1,1,1,1
886.1,469,Q,77.828936,23.0,1,1,1,1,1,1,1,1,1,1,1,1,1,1,1,1,1,1,1,1,1,1,1,1,1,1
887.1,1148,Q,65.353731,35.0,1,1,1,1,1,1,1,1,1,1,1,1,1,1,1,1,1,1,1,1,1,1,1,1,1,1
888.1,743,Q,65.618073,35.0,1,1,1,1,1,1,1,1,1,1,1,1,1,1,1,1,1,1,1,1,1,1,1,1,1,1
889.1,1026,Q,73.470116,27.0,1,1,1,1,1,1,1,1,1,1,1,1,1,1,1,1,1,1,1,1,1,1,1,1,1,1
889.2,302,Q,71.815148,29.0,1,1,1,1,1,1,1,1,1,1,1,1,1,1,1,1,1,1,1,1,1,1,1,1,1,1
890.1,780,Q,66.277519,34.0,1,1,1,1,1,1,1,1,1,1,1,1,1,1,1,1,1,1,1,1,1,1,1,1,1,1
892.1,Hire,H,0,1284.0,0,0,0,0,1,1,1,1,1,1,1,1,1,1,1,1,1,1,1,1,1,1,1,1,1,1
894.1,719,Q,66.047533,34.0,1,1,1,1,1,1,1,1,1,1,1,1,1,1,1,1,1,1,1,1,1,1,1,1,1,1
895.1,1059,Q,69.152832,31.0,1,1,1,1,1,1,1,1,1,1,1,1,1,1,1,1,1,1,1,1,1,1,1,1,1,1
895.2,527,Q,71.335605,29.0,1,1,1,1,1,1,1,1,1,1,1,1,1,1,1,1,1,1,1,1,1,1,1,1,1,1
895.3,680,Q,65.584027,35.0,1,1,1,1,1,1,1,1,1,1,1,1,1,1,1,1,1,1,1,1,1,1,1,1,1,1
896.1,384,T,63.397448,66.0, , , , , , , , , , , , , , , , , , , , , , , ,1,1,1
897.1,216,Q,66.71653,34.0,1,1,1,1,1,1,1,1,1,1,1,1,1,1,1,1,1,1,1,1,1,1,1,1,1,1
897.2,811,Q,65.742079,35.0,1,1,1,1,1,1,1,1,1,1,1,1,1,1,1,1,1,1,1,1,1,1,1,1,1,1
897.3,1167,Q,65.729216,35.0,1,1,1,1,1,1,1,1,1,1,1,1,1,1,1,1,1,1,1,1,1,1,1,1,1,1
899.1,7,Q,67.480797,33.0,1,1,1,1,1,1,1,1,1,1,1,1,1,1,1,1,1,1,1,1,1,1,1,1,1,1
901.1,307,Q,67.078261,33.0,1,1,1,1,1,1,1,1,1,1,1,1,1,1,1,1,1,1,1,1,1,1,1,1,1,1
902.1,297,T,62.839004,70.0, , , , , , , , , , , , , , , , ,1,1,1,1,1,1,1,1,1,1
903.1,255,Q,79.176646,21.0,1,1,1,1,1,1,1,1,1,1,1,1,1,1,1,1,1,1,1,1,1,1,1,1,1,1
904.1,924,Q,80.194635,20.0,1,1,1,1,1,1,1,1,1,1,1,1,1,1,1,1,1,1,1,1,1,1,1,1,1,1
905.1,833,Q,70.713319,30.0,1,1,1,1,1,1,1,1,1,1,1,1,1,1,1,1,1,1,1,1,1,1,1,1,1,1
906.1,1308,Q,65.329783,35.0, , , , , , , , , ,1,1,1,1,1,1,1,1,1,1,1,1,1,1,1,1,1
907.1,95,Q,71.737011,29.0,1,1,1,1,1,1,1,1,1,1,1,1,1,1,1,1,1,1,1,1,1,1,1,1,1,1
908.1,966,Q,71.724054,29.0,1,1,1,1,1,1,1,1,1,1,1,1,1,1,1,1,1,1,1,1,1,1,1,1,1,1
908.2,38,Q,68.0553,32.0,1,1,1,1,1,1,1,1,1,1,1,1,1,1,1,1,1,1,1,1,1,1,1,1,1,1
908.3,457,T,62.989189,329.0,0,1,1,1,1,1,1,1,1,1,1,1,1,1,1,1,1,1,1,1,1,1,1,1,1,1
909.1,520,Q,76.027584,24.0,1,1,1,1,1,1,1,1,1,1,1,1,1,1,1,1,1,1,1,1,1,1,1,1,1,1
910.1,682,Q,67.228758,33.0,1,1,1,1,1,1,1,1,1,1,1,1,1,1,1,1,1,1,1,1,1,1,1,1,1,1
913.1,424,Q,65.628366,35.0,1,1,1,1,1,1,1,1,1,1,1,1,1,1,1,1,1,1,1,1,1,1,1,1,1,1
915.1,782,Q,66.64956,34.0, , , , , , , , , , ,1,1,1,1,1,1,1,1,1,1,1,1,1,1,1,1
916.1,1124,Q,67.593027,33.0,1,1,1,1,1,1,1,1,1,1,1,1,1,1,1,1,1,1,1,1,1,1,1,1,1,1
917.1,429,Q,79.293329,21.0,1,1,1,1,1,1,1,1,1,1,1,1,1,1,1,1,1,1,1,1,1,1,1,1,1,1
918.1,70,Q,73.428972,27.0,1,1,1,1,1,1,1,1,1,1,1,1,1,1,1,1,1,1,1,1,1,1,1,1,1,1
919.1,244,Q,65.442192,35.0,1,1,1,1,1,1,1,1,1,1,1,1,1,1,1,1,1,1,1,1,1,1,1,1,1,1
922.1,934,Q,65.280208,35.0, , , , , , , , , , , , , , , , ,1,1,1,1,1,1,1,1,1,1
923.1,790,Q,66.33545,34.0,1,1,1,1,1,1,1,1,1,1,1,1,1,1,1,1,1,1,1,1,1,1,1,1,1,1
923.2,1101,Q,65.567937,35.0,1,1,1,1,1,1,1,1,1,1,1,1,1,1,1,1,1,1,1,1,1,1,1,1,1,1
924.1,266,Q,65.713662,35.0, , , , , , , , , , , , , , , , , , , , ,1,1,1,1,1,1
925.1,557,Q,66.263819,34.0,1,1,1,1,1,1,1,1,1,1,1,1,1,1,1,1,1,1,1,1,1,1,1,1,1,1
926.1,1138,Q,71.986133,29.0,1,1,1,1,1,1,1,1,1,1,1,1,1,1,1,1,1,1,1,1,1,1,1,1,1,1
927.1,1230,T,64.191602,1134.0,0,0,0,0,1,1,1,1,1,1,1,1,1,1,1,1,1,1,1,1,1,1,1,1,1,1
929.1,416,Q,78.698234,22.0,1,1,1,1,1,1,1,1,1,1,1,1,1,1,1,1,1,1,1,1,1,1,1,1,1,1
930.1,27,Q,66.754372,34.0, , , , , , , , , , , , , , , , , , , , , , , , , ,1
930.2,998,Q,68.731367,32.0, , , , , , , , , , , , , , , , , , , , , , , , , ,1
931.1,1033,Q,73.055815,27.0, , , , , , ,1,1,1,1,1,1,1,1,1,1,1,1,1,1,1,1,1,1,1,1
931.2,1277,Q,66.930137,34.0, , , , , , ,1,1,1,1,1,1,1,1,1,1,1,1,1,1,1,1,1,1,1,1
932.1,1210,Q,69.110115,31.0,1,1,1,1,1,1,1,1,1,1,1,1,1,1,1,1,1,1,1,1,1,1,1,1,1,1
933.1,1298,Q,67.507119,33.0, , , , , , , , , , , ,1,1,1,1,1,1,1,1,1,1,1,1,1,1,1
934.1,1177,Q,66.971139,34.0,1,1,1,1,1,1,1,1,1,1,1,1,1,1,1,1,1,1,1,1,1,1,1,1,1,1
935.1,474,Q,71.11783,29.0,1,1,1,1,1,1,1,1,1,1,1,1,1,1,1,1,1,1,1,1,1,1,1,1,1,1
936.1,1270,Q,66.007221,34.0, , , , , ,1,1,1,1,1,1,1,1,1,1,1,1,1,1,1,1,1,1,1,1,1
937.1,1225,Q,67.06752,33.0,1,1,1,1,1,1,1,1,1,1,1,1,1,1,1,1,1,1,1,1,1,1,1,1,1,1
938.1,235,Q,66.615857,34.0,1,1,1,1,1,1,1,1,1,1,1,1,1,1,1,1,1,1,1,1,1,1,1,1,1,1
939.1,610,Q,78.096604,22.0,1,1,1,1,1,1,1,1,1,1,1,1,1,1,1,1,1,1,1,1,1,1,1,1,1,1
940.1,261,Q,68.127509,32.0,1,1,1,1,1,1,1,1,1,1,1,1,1,1,1,1,1,1,1,1,1,1,1,1,1,1
941.1,714,Q,66.260637,34.0,1,1,1,1,1,1,1,1,1,1,1,1,1,1,1,1,1,1,1,1,1,1,1,1,1,1
942.1,753,Q,72.134886,28.0,1,1,1,1,1,1,1,1,1,1,1,1,1,1,1,1,1,1,1,1,1,1,1,1,1,1
943.1,737,Q,66.149997,34.0,1,1,1,1,1,1,1,1,1,1,1,1,1,1,1,1,1,1,1,1,1,1,1,1,1,1
944.1,148,Q,67.825552,33.0, , , , , , ,1,1,1,1,1,1,1,1,1,1,1,1,1,1,1,1,1,1,1,1
945.1,932,Q,65.797965,35.0,1,1,1,1,1,1,1,1,1,1,1,1,1,1,1,1,1,1,1,1,1,1,1,1,1,1
946.1,531,Q,68.089403,32.0,1,1,1,1,1,1,1,1,1,1,1,1,1,1,1,1,1,1,1,1,1,1,1,1,1,1
947.1,1146,Q,69.624108,31.0,1,1,1,1,1,1,1,1,1,1,1,1,1,1,1,1,1,1,1,1,1,1,1,1,1,1
948.1,172,Q,77.548084,23.0, , , , , , , ,1,1,1,1,1,1,1,1,1,1,1,1,1,1,1,1,1,1,1
948.2,396,Q,67.881705,33.0, , , , , , , ,1,1,1,1,1,1,1,1,1,1,1,1,1,1,1,1,1,1,1
949.1,826,Q,65.855113,35.0,1,1,1,1,1,1,1,1,1,1,1,1,1,1,1,1,1,1,1,1,1,1,1,1,1,1
950.1,822,Q,71.525105,29.0,1,1,1,1,1,1,1,1,1,1,1,1,1,1,1,1,1,1,1,1,1,1,1,1,1,1
951.1,940,Q,69.120298,31.0, , , , , , , , , , , , , , , , ,1,1,1,1,1,1,1,1,1,1
952.1,705,T,64.649894,904.0,0,0,0,1,1,1,1,1,1,1,1,1,1,1,1,1,1,1,1,1,1,1,1,1,1,1
953.1,605,Q,70.349721,30.0,1,1,1,1,1,1,1,1,1,1,1,1,1,1,1,1,1,1,1,1,1,1,1,1,1,1
954.1,406,Q,71.136715,29.0,1,1,1,1,1,1,1,1,1,1,1,1,1,1,1,1,1,1,1,1,1,1,1,1,1,1
956.1,279,Q,72.604145,28.0,1,1,1,1,1,1,1,1,1,1,1,1,1,1,1,1,1,1,1,1,1,1,1,1,1,1
957.1,273,Q,66.883894,34.0, , , , , , , , , , , , , , , , , , , ,1,1,1,1,1,1,1
957.2,77,Q,68.140444,32.0, , , , , , , , , , , , , , , , , , , ,1,1,1,1,1,1,1
958.1,779,T,63.809043,815.0,0,0,0,1,1,1,1,1,1,1,1,1,1,1,1,1,1,1,1,1,1,1,1,1,1,1
959.1,662,Q,65.505774,35.0,1,1,1,1,1,1,1,1,1,1,1,1,1,1,1,1,1,1,1,1,1,1,1,1,1,1
960.1,919,Q,65.350281,35.0, , , , , , , , , , , , , , , , ,1,1,1,1,1,1,1,1,1,1
963.1,1257,Q,78.356675,22.0, , , , , , , , , , , , , , , , , , , , , , , , ,1,1
965.1,482,Q,70.010931,30.0,1,1,1,1,1,1,1,1,1,1,1,1,1,1,1,1,1,1,1,1,1,1,1,1,1,1
966.1,1260,Q,66.78124,34.0,1,1,1,1,1,1,1,1,1,1,1,1,1,1,1,1,1,1,1,1,1,1,1,1,1,1
967.1,Hire,H,0,413.0, , , , , , , , , ,0,1,1,1,1,1,1,1,1,1,1,1,1,1,1,1,1
968.1,1099,Q,67.033158,33.0,1,1,1,1,1,1,1,1,1,1,1,1,1,1,1,1,1,1,1,1,1,1,1,1,1,1
969.1,641,Q,66.808455,34.0,1,1,1,1,1,1,1,1,1,1,1,1,1,1,1,1,1,1,1,1,1,1,1,1,1,1
970.1,804,Q,66.560345,34.0,1,1,1,1,1,1,1,1,1,1,1,1,1,1,1,1,1,1,1,1,1,1,1,1,1,1
971.1,1234,Q,70.823233,30.0,1,1,1,1,1,1,1,1,1,1,1,1,1,1,1,1,1,1,1,1,1,1,1,1,1,1
972.1,455,Q,65.886684,35.0,1,1,1,1,1,1,1,1,1,1,1,1,1,1,1,1,1,1,1,1,1,1,1,1,1,1
973.1,688,Q,71.868443,29.0,1,1,1,1,1,1,1,1,1,1,1,1,1,1,1,1,1,1,1,1,1,1,1,1,1,1
974.1,1163,Q,72.360274,28.0,1,1,1,1,1,1,1,1,1,1,1,1,1,1,1,1,1,1,1,1,1,1,1,1,1,1
975.1,599,Q,65.821171,35.0,1,1,1,1,1,1,1,1,1,1,1,1,1,1,1,1,1,1,1,1,1,1,1,1,1,1
976.1,127,Q,69.513044,31.0, , ,1,1,1,1,1,1,1,1,1,1,1,1,1,1,1,1,1,1,1,1,1,1,1,1
977.1,48,Q,68.976393,32.0,1,1,1,1,1,1,1,1,1,1,1,1,1,1,1,1,1,1,1,1,1,1,1,1,1,1
978.1,515,Q,71.512172,29.0,1,1,1,1,1,1,1,1,1,1,1,1,1,1,1,1,1,1,1,1,1,1,1,1,1,1
979.1,555,Q,67.098194,33.0,1,1,1,1,1,1,1,1,1,1,1,1,1,1,1,1,1,1,1,1,1,1,1,1,1,1
980.1,559,Q,67.178362,33.0,1,1,1,1,1,1,1,1,1,1,1,1,1,1,1,1,1,1,1,1,1,1,1,1,1,1
981.1,270,Q,81.697994,19.0,1,1,1,1,1,1,1,1,1,1,1,1,1,1,1,1,1,1,1,1,1,1,1,1,1,1
982.1,798,Q,65.293819,35.0,1,1,1,1,1,1,1,1,1,1,1,1,1,1,1,1,1,1,1,1,1,1,1,1,1,1
982.2,878,Q,67.241631,33.0,1,1,1,1,1,1,1,1,1,1,1,1,1,1,1,1,1,1,1,1,1,1,1,1,1,1
982.3,1074,Q,67.007791,33.0,1,1,1,1,1,1,1,1,1,1,1,1,1,1,1,1,1,1,1,1,1,1,1,1,1,1
984.1,258,Q,65.414349,35.0, , , , , , , , , , , , , , , , , ,1,1,1,1,1,1,1,1,1
985.1,1014,Q,66.391565,34.0, , , , ,1,1,1,1,1,1,1,1,1,1,1,1,1,1,1,1,1,1,1,1,1,1
986.1,507,Q,76.568202,24.0,1,1,1,1,1,1,1,1,1,1,1,1,1,1,1,1,1,1,1,1,1,1,1,1,1,1
988.1,114,Q,75.592497,25.0,1,1,1,1,1,1,1,1,1,1,1,1,1,1,1,1,1,1,1,1,1,1,1,1,1,1
989.1,1188,Q,67.237552,33.0,1,1,1,1,1,1,1,1,1,1,1,1,1,1,1,1,1,1,1,1,1,1,1,1,1,1
990.1,815,Q,66.572874,34.0, , , , , , , , , , , , , , , , ,1,1,1,1,1,1,1,1,1,1
991.1,1038,Q,66.255225,34.0,1,1,1,1,1,1,1,1,1,1,1,1,1,1,1,1,1,1,1,1,1,1,1,1,1,1
992.1,495,Q,67.092229,33.0,1,1,1,1,1,1,1,1,1,1,1,1,1,1,1,1,1,1,1,1,1,1,1,1,1,1
993.1,1032,Q,70.793433,30.0, , , , , , , , , , , , , , , , ,1,1,1,1,1,1,1,1,1,1
994.1,694,Q,83.456939,17.0, , , , , , , , , , ,1,1,1,1,1,1,1,1,1,1,1,1,1,1,1,1
996.1,323,Q,73.243051,27.0,1,1,1,1,1,1,1,1,1,1,1,1,1,1,1,1,1,1,1,1,1,1,1,1,1,1
997.1,240,Q,66.929197,34.0,1,1,1,1,1,1,1,1,1,1,1,1,1,1,1,1,1,1,1,1,1,1,1,1,1,1
998.1,968,Q,73.142726,27.0,1,1,1,1,1,1,1,1,1,1,1,1,1,1,1,1,1,1,1,1,1,1,1,1,1,1
999.1,751,Q,65.993349,35.0,1,1,1,1,1,1,1,1,1,1,1,1,1,1,1,1,1,1,1,1,1,1,1,1,1,1
1000.1,598,Q,70.696606,30.0,1,1,1,1,1,1,1,1,1,1,1,1,1,1,1,1,1,1,1,1,1,1,1,1,1,1
